Nc,Ns,Nt,algorithm,battery_capacity_seconds,coverage_ratio,cpu_cycles_per_second,energy_per_cpu_cycle,expected_feasible,feasible,horizon_sec,max_flow_value,num_edges,num_jobs,num_nodes,satellite_solar_panel_power_watts,tag,task_average_deadline,task_average_execution,task_average_period,time_slot_length,total_demand
6,48,1440,maxflow,7200,0.8445014379828935,10000000000.0,1e-09,,False,86400,303554.81405830785,2150486,7555,145803,40.0,baseline,300,50,300,60,359448.5460952605
6,48,1440,energy_first,7200,0.8077191425063909,10000000000.0,1e-09,,False,86400,290333.47142721014,,7555,,40.0,baseline,300,50,300,60,359448.54609523254
6,48,1440,random,7200,0.11660878403595097,10000000000.0,1e-09,,False,86400,41914.857883656776,,7555,,40.0,baseline,300,50,300,60,359448.54609524313
6,48,1440,edf,7200,0.11660878403595097,10000000000.0,1e-09,,False,86400,41914.857883656776,,7555,,40.0,baseline,300,50,300,60,359448.54609524313
6,48,1440,maxflow,7200,0.8445014379828961,10000000000.0,1e-09,,False,86400,303554.8140583088,2150486,7555,145803,10,P_solar=10,300,50,300,60,359448.5460952605
6,48,1440,energy_first,7200,0.8039406759580959,10000000000.0,1e-09,,False,86400,288975.30711995607,,7555,,10,P_solar=10,300,50,300,60,359448.54609523254
6,48,1440,random,7200,0.11660878403595097,10000000000.0,1e-09,,False,86400,41914.857883656776,,7555,,10,P_solar=10,300,50,300,60,359448.54609524313
6,48,1440,edf,7200,0.11660878403595097,10000000000.0,1e-09,,False,86400,41914.857883656776,,7555,,10,P_solar=10,300,50,300,60,359448.54609524313
6,48,1440,maxflow,7200,0.8445014379828935,10000000000.0,1.2e-09,,False,86400,303554.81405830785,2150486,7555,145803,40.0,psi=1.2e-09,300,50,300,60,359448.5460952605
6,48,1440,energy_first,7200,0.8070565600315368,10000000000.0,1.2e-09,,False,86400,290095.30711995566,,7555,,40.0,psi=1.2e-09,300,50,300,60,359448.54609523254
6,48,1440,random,7200,0.11660878403595097,10000000000.0,1.2e-09,,False,86400,41914.857883656776,,7555,,40.0,psi=1.2e-09,300,50,300,60,359448.54609524313
6,48,1440,edf,7200,0.11660878403595097,10000000000.0,1.2e-09,,False,86400,41914.857883656776,,7555,,40.0,psi=1.2e-09,300,50,300,60,359448.54609524313
6,48,1440,maxflow,3600,0.8445014379828935,10000000000.0,1e-09,,False,86400,303554.81405830785,2150486,7555,145803,40.0,tau_b=3600,300,50,300,60,359448.5460952605
6,48,1440,energy_first,3600,0.8077191425063909,10000000000.0,1e-09,,False,86400,290333.47142721014,,7555,,40.0,tau_b=3600,300,50,300,60,359448.54609523254
6,48,1440,random,3600,0.11660878403595097,10000000000.0,1e-09,,False,86400,41914.857883656776,,7555,,40.0,tau_b=3600,300,50,300,60,359448.54609524313
6,48,1440,edf,3600,0.11660878403595097,10000000000.0,1e-09,,False,86400,41914.857883656776,,7555,,40.0,tau_b=3600,300,50,300,60,359448.54609524313
6,48,1440,maxflow,5400,0.8445014379828935,10000000000.0,1e-09,,False,86400,303554.81405830785,2150486,7555,145803,40.0,tau_b=5400,300,50,300,60,359448.5460952605
6,48,1440,energy_first,5400,0.8077191425063909,10000000000.0,1e-09,,False,86400,290333.47142721014,,7555,,40.0,tau_b=5400,300,50,300,60,359448.54609523254
6,48,1440,random,5400,0.11660878403595097,10000000000.0,1e-09,,False,86400,41914.857883656776,,7555,,40.0,tau_b=5400,300,50,300,60,359448.54609524313
6,48,1440,edf,5400,0.11660878403595097,10000000000.0,1e-09,,False,86400,41914.857883656776,,7555,,40.0,tau_b=5400,300,50,300,60,359448.54609524313
6,48,1440,maxflow,7200,0.8445014379828945,10000000000.0,1e-09,,False,86400,303554.8140583082,2150486,7555,145803,20,P_solar=20,300,50,300,60,359448.5460952605
6,48,1440,energy_first,7200,0.8052760548467136,10000000000.0,1e-09,,False,86400,289455.30711995595,,7555,,20,P_solar=20,300,50,300,60,359448.54609523254
6,48,1440,random,7200,0.11660878403595097,10000000000.0,1e-09,,False,86400,41914.857883656776,,7555,,20,P_solar=20,300,50,300,60,359448.54609524313
6,48,1440,edf,7200,0.11660878403595097,10000000000.0,1e-09,,False,86400,41914.857883656776,,7555,,20,P_solar=20,300,50,300,60,359448.54609524313
6,48,1440,maxflow,7200,0.8445014379828943,10000000000.0,3e-09,,False,86400,303554.81405830814,2150486,7555,145803,40.0,psi=3e-09,300,50,300,60,359448.5460952605
6,48,1440,energy_first,7200,0.8043858022543018,10000000000.0,3e-09,,False,86400,289135.307119956,,7555,,40.0,psi=3e-09,300,50,300,60,359448.54609523254
6,48,1440,random,7200,0.11660878403595097,10000000000.0,3e-09,,False,86400,41914.857883656776,,7555,,40.0,psi=3e-09,300,50,300,60,359448.54609524313
6,48,1440,edf,7200,0.11660878403595097,10000000000.0,3e-09,,False,86400,41914.857883656776,,7555,,40.0,psi=3e-09,300,50,300,60,359448.54609524313
6,48,1440,maxflow,7200,0.8445014379828943,10000000000.0,1e-09,,False,86400,303554.81405830814,2150486,7555,145803,15,P_solar=15,300,50,300,60,359448.5460952605
6,48,1440,energy_first,7200,0.8046083654024047,10000000000.0,1e-09,,False,86400,289215.30711995595,,7555,,15,P_solar=15,300,50,300,60,359448.54609523254
6,48,1440,random,7200,0.11660878403595097,10000000000.0,1e-09,,False,86400,41914.857883656776,,7555,,15,P_solar=15,300,50,300,60,359448.54609524313
6,48,1440,edf,7200,0.11660878403595097,10000000000.0,1e-09,,False,86400,41914.857883656776,,7555,,15,P_solar=15,300,50,300,60,359448.54609524313
6,48,1440,maxflow,7200,0.8445014379828935,10000000000.0,1e-09,,False,86400,303554.81405830785,2150486,7555,145803,40.0,phi=1.00e+10,300,50,300,60,359448.5460952605
6,48,1440,energy_first,7200,0.8077191425063909,10000000000.0,1e-09,,False,86400,290333.47142721014,,7555,,40.0,phi=1.00e+10,300,50,300,60,359448.54609523254
6,48,1440,random,7200,0.11660878403595097,10000000000.0,1e-09,,False,86400,41914.857883656776,,7555,,40.0,phi=1.00e+10,300,50,300,60,359448.54609524313
6,48,1440,edf,7200,0.11660878403595097,10000000000.0,1e-09,,False,86400,41914.857883656776,,7555,,40.0,phi=1.00e+10,300,50,300,60,359448.54609524313
6,48,1440,maxflow,7200,0.8445014379828945,20000000000.0,1e-09,,False,86400,303554.8140583082,2150486,7555,145803,40.0,phi=2.00e+10,300,50,300,60,359448.5460952605
6,48,1440,energy_first,7200,0.8052760548467136,20000000000.0,1e-09,,False,86400,289455.30711995595,,7555,,40.0,phi=2.00e+10,300,50,300,60,359448.54609523254
6,48,1440,random,7200,0.11660878403595097,20000000000.0,1e-09,,False,86400,41914.857883656776,,7555,,40.0,phi=2.00e+10,300,50,300,60,359448.54609524313
6,48,1440,edf,7200,0.11660878403595097,20000000000.0,1e-09,,False,86400,41914.857883656776,,7555,,40.0,phi=2.00e+10,300,50,300,60,359448.54609524313
6,48,1440,maxflow,7200,0.8445014379828951,10000000000.0,2.5e-09,,False,86400,303554.81405830843,2150486,7555,145803,40.0,psi=2.5e-09,300,50,300,60,359448.5460952605
6,48,1440,energy_first,7200,0.8047419032912665,10000000000.0,2.5e-09,,False,86400,289263.30711995595,,7555,,40.0,psi=2.5e-09,300,50,300,60,359448.54609523254
6,48,1440,random,7200,0.11660878403595097,10000000000.0,2.5e-09,,False,86400,41914.857883656776,,7555,,40.0,psi=2.5e-09,300,50,300,60,359448.54609524313
6,48,1440,edf,7200,0.11660878403595097,10000000000.0,2.5e-09,,False,86400,41914.857883656776,,7555,,40.0,psi=2.5e-09,300,50,300,60,359448.54609524313
6,48,1440,maxflow,7200,0.8445014379828935,10000000000.0,1e-09,,False,86400,303554.81405830785,2150486,7555,145803,40.0,tau_b=7200,300,50,300,60,359448.5460952605
6,48,1440,energy_first,7200,0.8077191425063909,10000000000.0,1e-09,,False,86400,290333.47142721014,,7555,,40.0,tau_b=7200,300,50,300,60,359448.54609523254
6,48,1440,random,7200,0.11660878403595097,10000000000.0,1e-09,,False,86400,41914.857883656776,,7555,,40.0,tau_b=7200,300,50,300,60,359448.54609524313
6,48,1440,edf,7200,0.11660878403595097,10000000000.0,1e-09,,False,86400,41914.857883656776,,7555,,40.0,tau_b=7200,300,50,300,60,359448.54609524313
6,48,1440,maxflow,600,0.8445014379828935,10000000000.0,1e-09,,False,86400,303554.81405830785,2150486,7555,145803,40.0,tau_b=600,300,50,300,60,359448.5460952605
6,48,1440,energy_first,600,0.7414291444248782,10000000000.0,1e-09,,False,86400,266505.62799615465,,7555,,40.0,tau_b=600,300,50,300,60,359448.54609523254
6,48,1440,random,600,0.11560046263611895,10000000000.0,1e-09,,False,86400,41552.418222490436,,7555,,40.0,tau_b=600,300,50,300,60,359448.54609524313
6,48,1440,edf,600,0.11560046263611895,10000000000.0,1e-09,,False,86400,41552.418222490436,,7555,,40.0,tau_b=600,300,50,300,60,359448.54609524313
6,48,1440,maxflow,7200,0.8445014379828945,10000000000.0,3.5e-09,,False,86400,303554.8140583082,2150486,7555,145803,40.0,psi=3.5e-09,300,50,300,60,359448.5460952605
6,48,1440,energy_first,7200,0.8041314443707558,10000000000.0,3.5e-09,,False,86400,289043.87854852754,,7555,,40.0,psi=3.5e-09,300,50,300,60,359448.54609523254
6,48,1440,random,7200,0.11660878403595097,10000000000.0,3.5e-09,,False,86400,41914.857883656776,,7555,,40.0,psi=3.5e-09,300,50,300,60,359448.54609524313
6,48,1440,edf,7200,0.11660878403595097,10000000000.0,3.5e-09,,False,86400,41914.857883656776,,7555,,40.0,psi=3.5e-09,300,50,300,60,359448.54609524313
6,48,1440,maxflow,10800,0.8445014379828935,10000000000.0,1e-09,,False,86400,303554.81405830785,2150486,7555,145803,40.0,tau_b=10800,300,50,300,60,359448.5460952605
6,48,1440,energy_first,10800,0.8077191425063909,10000000000.0,1e-09,,False,86400,290333.47142721014,,7555,,40.0,tau_b=10800,300,50,300,60,359448.54609523254
6,48,1440,random,10800,0.11660878403595097,10000000000.0,1e-09,,False,86400,41914.857883656776,,7555,,40.0,tau_b=10800,300,50,300,60,359448.54609524313
6,48,1440,edf,10800,0.11660878403595097,10000000000.0,1e-09,,False,86400,41914.857883656776,,7555,,40.0,tau_b=10800,300,50,300,60,359448.54609524313
6,48,1440,maxflow,9000,0.8445014379828935,10000000000.0,1e-09,,False,86400,303554.81405830785,2150486,7555,145803,40.0,tau_b=9000,300,50,300,60,359448.5460952605
6,48,1440,energy_first,9000,0.8077191425063909,10000000000.0,1e-09,,False,86400,290333.47142721014,,7555,,40.0,tau_b=9000,300,50,300,60,359448.54609523254
6,48,1440,random,9000,0.11660878403595097,10000000000.0,1e-09,,False,86400,41914.857883656776,,7555,,40.0,tau_b=9000,300,50,300,60,359448.54609524313
6,48,1440,edf,9000,0.11660878403595097,10000000000.0,1e-09,,False,86400,41914.857883656776,,7555,,40.0,tau_b=9000,300,50,300,60,359448.54609524313
6,48,1440,maxflow,7200,0.8445014379828933,15000000000.0,1e-09,,False,86400,303554.8140583078,2150486,7555,145803,40.0,phi=1.50e+10,300,50,300,60,359448.5460952605
6,48,1440,energy_first,7200,0.8061663074391253,15000000000.0,1e-09,,False,86400,289775.30711995583,,7555,,40.0,phi=1.50e+10,300,50,300,60,359448.54609523254
6,48,1440,random,7200,0.11660878403595097,15000000000.0,1e-09,,False,86400,41914.857883656776,,7555,,40.0,phi=1.50e+10,300,50,300,60,359448.54609524313
6,48,1440,edf,7200,0.11660878403595097,15000000000.0,1e-09,,False,86400,41914.857883656776,,7555,,40.0,phi=1.50e+10,300,50,300,60,359448.54609524313
6,48,1440,maxflow,2400,0.8445014379828935,10000000000.0,1e-09,,False,86400,303554.81405830785,2150486,7555,145803,40.0,tau_b=2400,300,50,300,60,359448.5460952605
6,48,1440,energy_first,2400,0.8077191425063909,10000000000.0,1e-09,,False,86400,290333.47142721014,,7555,,40.0,tau_b=2400,300,50,300,60,359448.54609523254
6,48,1440,random,2400,0.11660878403595097,10000000000.0,1e-09,,False,86400,41914.857883656776,,7555,,40.0,tau_b=2400,300,50,300,60,359448.54609524313
6,48,1440,edf,2400,0.11660878403595097,10000000000.0,1e-09,,False,86400,41914.857883656776,,7555,,40.0,tau_b=2400,300,50,300,60,359448.54609524313
6,48,1440,maxflow,7200,0.8445014379828938,12500000000.0,1e-09,,False,86400,303554.81405830797,2150486,7555,145803,40.0,phi=1.25e+10,300,50,300,60,359448.5460952605
6,48,1440,energy_first,7200,0.8068785095130545,12500000000.0,1e-09,,False,86400,290031.3071199557,,7555,,40.0,phi=1.25e+10,300,50,300,60,359448.54609523254
6,48,1440,random,7200,0.11660878403595097,12500000000.0,1e-09,,False,86400,41914.857883656776,,7555,,40.0,phi=1.25e+10,300,50,300,60,359448.54609524313
6,48,1440,edf,7200,0.11660878403595097,12500000000.0,1e-09,,False,86400,41914.857883656776,,7555,,40.0,phi=1.25e+10,300,50,300,60,359448.54609524313
6,48,1440,maxflow,7200,0.8445014379828941,17500000000.0,1e-09,,False,86400,303554.8140583081,2150486,7555,145803,40.0,phi=1.75e+10,300,50,300,60,359448.5460952605
6,48,1440,energy_first,7200,0.8056575916720327,17500000000.0,1e-09,,False,86400,289592.4499770987,,7555,,40.0,phi=1.75e+10,300,50,300,60,359448.54609523254
6,48,1440,random,7200,0.11660878403595097,17500000000.0,1e-09,,False,86400,41914.857883656776,,7555,,40.0,phi=1.75e+10,300,50,300,60,359448.54609524313
6,48,1440,edf,7200,0.11660878403595097,17500000000.0,1e-09,,False,86400,41914.857883656776,,7555,,40.0,phi=1.75e+10,300,50,300,60,359448.54609524313
6,48,1440,maxflow,1200,0.8445014379828935,10000000000.0,1e-09,,False,86400,303554.81405830785,2150486,7555,145803,40.0,tau_b=1200,300,50,300,60,359448.5460952605
6,48,1440,energy_first,1200,0.8059437442910223,10000000000.0,1e-09,,False,86400,289695.30711995583,,7555,,40.0,tau_b=1200,300,50,300,60,359448.54609523254
6,48,1440,random,1200,0.11660878403595097,10000000000.0,1e-09,,False,86400,41914.857883656776,,7555,,40.0,tau_b=1200,300,50,300,60,359448.54609524313
6,48,1440,edf,1200,0.11660878403595097,10000000000.0,1e-09,,False,86400,41914.857883656776,,7555,,40.0,tau_b=1200,300,50,300,60,359448.54609524313
6,48,1440,maxflow,7200,0.8445014379828945,10000000000.0,2e-09,,False,86400,303554.8140583082,2150486,7555,145803,40.0,psi=2e-09,300,50,300,60,359448.5460952605
6,48,1440,energy_first,7200,0.8052760548467136,10000000000.0,2e-09,,False,86400,289455.30711995595,,7555,,40.0,psi=2e-09,300,50,300,60,359448.54609523254
6,48,1440,random,7200,0.11660878403595097,10000000000.0,2e-09,,False,86400,41914.857883656776,,7555,,40.0,psi=2e-09,300,50,300,60,359448.54609524313
6,48,1440,edf,7200,0.11660878403595097,10000000000.0,2e-09,,False,86400,41914.857883656776,,7555,,40.0,psi=2e-09,300,50,300,60,359448.54609524313
6,48,1440,maxflow,7200,0.8445014379828935,10000000000.0,1e-09,,False,86400,303554.81405830785,2150486,7555,145803,40.0,psi=1e-09,300,50,300,60,359448.5460952605
6,48,1440,energy_first,7200,0.8077191425063909,10000000000.0,1e-09,,False,86400,290333.47142721014,,7555,,40.0,psi=1e-09,300,50,300,60,359448.54609523254
6,48,1440,random,7200,0.11660878403595097,10000000000.0,1e-09,,False,86400,41914.857883656776,,7555,,40.0,psi=1e-09,300,50,300,60,359448.54609524313
6,48,1440,edf,7200,0.11660878403595097,10000000000.0,1e-09,,False,86400,41914.857883656776,,7555,,40.0,psi=1e-09,300,50,300,60,359448.54609524313
6,48,1440,maxflow,7200,0.8445014379828933,10000000000.0,1.5e-09,,False,86400,303554.8140583078,2150486,7555,145803,40.0,psi=1.5e-09,300,50,300,60,359448.5460952605
6,48,1440,energy_first,7200,0.8061663074391253,10000000000.0,1.5e-09,,False,86400,289775.30711995583,,7555,,40.0,psi=1.5e-09,300,50,300,60,359448.54609523254
6,48,1440,random,7200,0.11660878403595097,10000000000.0,1.5e-09,,False,86400,41914.857883656776,,7555,,40.0,psi=1.5e-09,300,50,300,60,359448.54609524313
6,48,1440,edf,7200,0.11660878403595097,10000000000.0,1.5e-09,,False,86400,41914.857883656776,,7555,,40.0,psi=1.5e-09,300,50,300,60,359448.54609524313
6,48,1440,maxflow,7200,0.8456906073822568,10000000000.0,1e-09,,False,86400,151865.66072945646,1179013,3775,142023,40.0,period=600,300,50,600,60,179575.91039060973
6,48,1440,energy_first,7200,0.8082158530130152,10000000000.0,1e-09,,False,86400,145136.09759694463,,3775,,40.0,period=600,300,50,600,60,179575.9103906211
6,48,1440,random,7200,0.11653806402154106,10000000000.0,1e-09,,False,86400,20927.42894182859,,3775,,40.0,period=600,300,50,600,60,179575.91039061997
6,48,1440,edf,7200,0.11653806402154106,10000000000.0,1e-09,,False,86400,20927.42894182859,,3775,,40.0,period=600,300,50,600,60,179575.91039061997
6,48,720,maxflow,7200,0.7236400787019048,10000000000.0,1e-09,,False,86400,260111.37418565957,955795,7555,76683,40.0,slot=120,300,50,300,120,359448.5460952605
6,48,720,energy_first,7200,0.6839508590365034,10000000000.0,1e-09,,False,86400,245845.1418812565,,7555,,40.0,slot=120,300,50,300,120,359448.54609523254
6,48,720,random,7200,0.11209509305349695,10000000000.0,1e-09,,False,86400,40292.418222490465,,7555,,40.0,slot=120,300,50,300,120,359448.54609524313
6,48,720,edf,7200,0.11209509305349695,10000000000.0,1e-09,,False,86400,40292.418222490465,,7555,,40.0,slot=120,300,50,300,120,359448.54609524313
6,48,1440,maxflow,7200,0.8452948645124089,10000000000.0,1e-09,,False,86400,182313.02872453642,1372775,4532,142780,40.0,period=500,300,50,500,60,215679.80166270141
6,48,1440,energy_first,7200,0.807914302247752,10000000000.0,1e-09,,False,86400,174250.79646927124,,4532,,40.0,period=500,300,50,500,60,215679.80166272158
6,48,1440,random,7200,0.11202849451031979,10000000000.0,1e-09,,False,86400,24162.28347655907,,4532,,40.0,period=500,300,50,500,60,215679.8016627216
6,48,1440,edf,7200,0.11202849451031979,10000000000.0,1e-09,,False,86400,24162.28347655907,,4532,,40.0,period=500,300,50,500,60,215679.8016627216
6,48,1440,maxflow,7200,0.8420014327938192,10000000000.0,1e-09,,False,86400,302656.1908278645,2150486,7555,145803,5,P_solar=5,300,50,300,60,359448.5460952605
6,48,1440,energy_first,7200,0.7999759522273644,10000000000.0,1e-09,,False,86400,287550.19293927535,,7555,,5,P_solar=5,300,50,300,60,359448.54609523254
6,48,1440,random,7200,0.11660878403595097,10000000000.0,1e-09,,False,86400,41914.857883656776,,7555,,5,P_solar=5,300,50,300,60,359448.54609524313
6,48,1440,edf,7200,0.11660878403595097,10000000000.0,1e-09,,False,86400,41914.857883656776,,7555,,5,P_solar=5,300,50,300,60,359448.54609524313
6,48,960,maxflow,7200,0.7550043215870325,10000000000.0,1e-09,,False,86400,271385.2056900973,1349944,7555,99723,40.0,slot=90,300,50,300,90,359448.5460952605
6,48,960,energy_first,7200,0.7169596969948788,10000000000.0,1e-09,,False,86400,257710.12069368767,,7555,,40.0,slot=90,300,50,300,90,359448.54609523254
6,48,960,random,7200,0.1165207686336019,10000000000.0,1e-09,,False,86400,41883.220875248415,,7555,,40.0,slot=90,300,50,300,90,359448.54609524313
6,48,960,edf,7200,0.1165207686336019,10000000000.0,1e-09,,False,86400,41883.220875248415,,7555,,40.0,slot=90,300,50,300,90,359448.54609524313
6,48,1440,maxflow,7200,0.7225341617989196,10000000000.0,1e-09,,False,86400,259713.85396277934,1059178,7555,145803,40.0,deadline=150,150,50,300,60,359448.5460952605
6,48,1440,energy_first,7200,0.6596991694363088,10000000000.0,1e-09,,False,86400,237127.90731411366,,7555,,40.0,deadline=150,150,50,300,60,359448.54609523254
6,48,1440,random,7200,0.11443539972526258,10000000000.0,1e-09,,False,86400,41133.63805307362,,7555,,40.0,deadline=150,150,50,300,60,359448.54609524313
6,48,1440,edf,7200,0.11443539972526258,10000000000.0,1e-09,,False,86400,41133.63805307362,,7555,,40.0,deadline=150,150,50,300,60,359448.54609524313
6,48,1440,maxflow,7200,0.8450602430084688,10000000000.0,1e-09,,False,86400,227867.382206867,1664748,5666,143914,40.0,period=400,300,50,400,60,269646.3170432021
6,48,1440,energy_first,7200,0.807869952237601,10000000000.0,1e-09,,False,86400,217839.1572707518,,5666,,40.0,period=400,300,50,400,60,269646.3170432208
6,48,1440,random,7200,0.11207018882451256,10000000000.0,1e-09,,False,86400,30219.313666868158,,5666,,40.0,period=400,300,50,400,60,269646.31704322103
6,48,1440,edf,7200,0.11207018882451256,10000000000.0,1e-09,,False,86400,30219.313666868158,,5666,,40.0,period=400,300,50,400,60,269646.31704322103
6,48,1440,maxflow,7200,0.7749980153710727,10000000000.0,1e-09,,False,86400,278571.9098518444,1601416,7555,145803,40.0,deadline=225,225,50,300,60,359448.5460952605
6,48,1440,energy_first,7200,0.7306900952568486,10000000000.0,1e-09,,False,86400,262645.4923862612,,7555,,40.0,deadline=225,225,50,300,60,359448.54609523254
6,48,1440,random,7200,0.11545816881264535,10000000000.0,1e-09,,False,86400,41501.27091452452,,7555,,40.0,deadline=225,225,50,300,60,359448.54609524313
6,48,1440,edf,7200,0.11545816881264535,10000000000.0,1e-09,,False,86400,41501.27091452452,,7555,,40.0,deadline=225,225,50,300,60,359448.54609524313
6,48,1440,maxflow,7200,0.8445014379828935,10000000000.0,1e-09,,False,86400,303554.81405830785,2150486,7555,145803,40.0,period=300,300,50,300,60,359448.5460952605
6,48,1440,energy_first,7200,0.8077191425063909,10000000000.0,1e-09,,False,86400,290333.47142721014,,7555,,40.0,period=300,300,50,300,60,359448.54609523254
6,48,1440,random,7200,0.11660878403595097,10000000000.0,1e-09,,False,86400,41914.857883656776,,7555,,40.0,period=300,300,50,300,60,359448.54609524313
6,48,1440,edf,7200,0.11660878403595097,10000000000.0,1e-09,,False,86400,41914.857883656776,,7555,,40.0,period=300,300,50,300,60,359448.54609524313
6,48,1440,maxflow,7200,0.8445014379828935,10000000000.0,1e-09,,False,86400,303554.81405830785,2150486,7555,145803,40,P_solar=40,300,50,300,60,359448.5460952605
6,48,1440,energy_first,7200,0.8077191425063909,10000000000.0,1e-09,,False,86400,290333.47142721014,,7555,,40,P_solar=40,300,50,300,60,359448.54609523254
6,48,1440,random,7200,0.11660878403595097,10000000000.0,1e-09,,False,86400,41914.857883656776,,7555,,40,P_solar=40,300,50,300,60,359448.54609524313
6,48,1440,edf,7200,0.11660878403595097,10000000000.0,1e-09,,False,86400,41914.857883656776,,7555,,40,P_solar=40,300,50,300,60,359448.54609524313
6,48,1440,maxflow,7200,0.844501437982894,10000000000.0,1e-09,,False,86400,303554.814058308,2150486,7555,145803,30,P_solar=30,300,50,300,60,359448.5460952605
6,48,1440,energy_first,7200,0.8066114337353312,10000000000.0,1e-09,,False,86400,289935.3071199558,,7555,,30,P_solar=30,300,50,300,60,359448.54609523254
6,48,1440,random,7200,0.11660878403595097,10000000000.0,1e-09,,False,86400,41914.857883656776,,7555,,30,P_solar=30,300,50,300,60,359448.54609524313
6,48,1440,edf,7200,0.11660878403595097,10000000000.0,1e-09,,False,86400,41914.857883656776,,7555,,30,P_solar=30,300,50,300,60,359448.54609524313
6,48,1440,maxflow,7200,0.8445014379828935,10000000000.0,1e-09,,False,86400,303554.81405830785,2150486,7555,145803,40.0,exec=50,300,50,300,60,359448.5460952605
6,48,1440,energy_first,7200,0.8077191425063909,10000000000.0,1e-09,,False,86400,290333.47142721014,,7555,,40.0,exec=50,300,50,300,60,359448.54609523254
6,48,1440,random,7200,0.11660878403595097,10000000000.0,1e-09,,False,86400,41914.857883656776,,7555,,40.0,exec=50,300,50,300,60,359448.54609524313
6,48,1440,edf,7200,0.11660878403595097,10000000000.0,1e-09,,False,86400,41914.857883656776,,7555,,40.0,exec=50,300,50,300,60,359448.54609524313
6,48,1440,maxflow,7200,0.8445014379828935,10000000000.0,1e-09,,False,86400,303554.81405830785,2150486,7555,145803,40.0,slot=60,300,50,300,60,359448.5460952605
6,48,1440,energy_first,7200,0.8077191425063909,10000000000.0,1e-09,,False,86400,290333.47142721014,,7555,,40.0,slot=60,300,50,300,60,359448.54609523254
6,48,1440,random,7200,0.11660878403595097,10000000000.0,1e-09,,False,86400,41914.857883656776,,7555,,40.0,slot=60,300,50,300,60,359448.54609524313
6,48,1440,edf,7200,0.11660878403595097,10000000000.0,1e-09,,False,86400,41914.857883656776,,7555,,40.0,slot=60,300,50,300,60,359448.54609524313
6,48,1440,maxflow,7200,0.8436852770300345,10000000000.0,1e-09,,False,86400,424566.0246665673,2150486,7555,145803,40.0,exec=70,300,70,300,60,503227.9645333352
6,48,1440,energy_first,7200,0.8062954303173208,10000000000.0,1e-09,,False,86400,405750.40821115306,,7555,,40.0,exec=70,300,70,300,60,503227.9645333825
6,48,1440,random,7200,0.11626815208042066,10000000000.0,1e-09,,False,86400,58509.38551148629,,7555,,40.0,exec=70,300,70,300,60,503227.9645333691
6,48,1440,edf,7200,0.11626815208042066,10000000000.0,1e-09,,False,86400,58509.38551148629,,7555,,40.0,exec=70,300,70,300,60,503227.9645333691
6,48,1440,maxflow,7200,0.8445014379828927,10000000000.0,1e-09,,False,86400,303554.81405830756,2150486,7555,145803,25,P_solar=25,300,50,300,60,359448.5460952605
6,48,1440,energy_first,7200,0.8059437442910223,10000000000.0,1e-09,,False,86400,289695.30711995583,,7555,,25,P_solar=25,300,50,300,60,359448.54609523254
6,48,1440,random,7200,0.11660878403595097,10000000000.0,1e-09,,False,86400,41914.857883656776,,7555,,25,P_solar=25,300,50,300,60,359448.54609524313
6,48,1440,edf,7200,0.11660878403595097,10000000000.0,1e-09,,False,86400,41914.857883656776,,7555,,25,P_solar=25,300,50,300,60,359448.54609524313
6,48,1440,maxflow,7200,0.8445014379828923,10000000000.0,1e-09,,False,86400,303554.81405830744,2150486,7555,145803,35,P_solar=35,300,50,300,60,359448.5460952605
6,48,1440,energy_first,7200,0.8072791231796397,10000000000.0,1e-09,,False,86400,290175.3071199556,,7555,,35,P_solar=35,300,50,300,60,359448.54609523254
6,48,1440,random,7200,0.11660878403595097,10000000000.0,1e-09,,False,86400,41914.857883656776,,7555,,35,P_solar=35,300,50,300,60,359448.54609524313
6,48,1440,edf,7200,0.11660878403595097,10000000000.0,1e-09,,False,86400,41914.857883656776,,7555,,35,P_solar=35,300,50,300,60,359448.54609524313
6,48,1440,maxflow,7200,0.8441688700031752,10000000000.0,1e-09,,False,86400,364122.32757781306,2150486,7555,145803,40.0,exec=60,300,60,300,60,431338.25531429925
6,48,1440,energy_first,7200,0.8070287396379469,10000000000.0,1e-09,,False,86400,348102.36854393664,,7555,,40.0,exec=60,300,60,300,60,431338.25531430764
6,48,1440,random,7200,0.11658096364242496,10000000000.0,1e-09,,False,86400,50285.829460388566,,7555,,40.0,exec=60,300,60,300,60,431338.25531434413
6,48,1440,edf,7200,0.11658096364242496,10000000000.0,1e-09,,False,86400,50285.829460388566,,7555,,40.0,exec=60,300,60,300,60,431338.25531434413
6,48,1440,maxflow,7200,0.8432116199117583,10000000000.0,1e-09,,False,86400,484945.9053245901,2150486,7555,145803,40.0,exec=80,300,80,300,60,575117.6737523369
6,48,1440,energy_first,7200,0.8056694714632554,10000000000.0,1e-09,,False,86400,463354.7522412254,,7555,,40.0,exec=80,300,80,300,60,575117.6737523408
6,48,1440,random,7200,0.11574651970207593,10000000000.0,1e-09,,False,86400,66567.8691559854,,7555,,40.0,exec=80,300,80,300,60,575117.6737523236
6,48,1440,edf,7200,0.11574651970207593,10000000000.0,1e-09,,False,86400,66567.8691559854,,7555,,40.0,exec=80,300,80,300,60,575117.6737523236
6,48,1440,maxflow,7200,0.8427247630252368,10000000000.0,1e-09,,False,86400,545249.1434901906,2150486,7555,145803,40.0,exec=90,300,90,300,60,647007.3829714461
6,48,1440,energy_first,7200,0.8050321540574358,10000000000.0,1e-09,,False,86400,520861.7472045782,,7555,,40.0,exec=90,300,90,300,60,647007.3829714593
6,48,1440,random,7200,0.11534080562998734,10000000000.0,1e-09,,False,86400,74626.35280048236,,7555,,40.0,exec=90,300,90,300,60,647007.3829714982
6,48,1440,edf,7200,0.11534080562998734,10000000000.0,1e-09,,False,86400,74626.35280048236,,7555,,40.0,exec=90,300,90,300,60,647007.3829714982
6,48,1440,maxflow,7200,0.8445014379828935,10000000000.0,1e-09,,False,86400,303554.81405830785,2150486,7555,145803,40.0,deadline=300,300,50,300,60,359448.5460952605
6,48,1440,energy_first,7200,0.8077191425063909,10000000000.0,1e-09,,False,86400,290333.47142721014,,7555,,40.0,deadline=300,300,50,300,60,359448.54609523254
6,48,1440,random,7200,0.11660878403595097,10000000000.0,1e-09,,False,86400,41914.857883656776,,7555,,40.0,deadline=300,300,50,300,60,359448.54609524313
6,48,1440,edf,7200,0.11660878403595097,10000000000.0,1e-09,,False,86400,41914.857883656776,,7555,,40.0,deadline=300,300,50,300,60,359448.54609524313
6,48,1920,maxflow,7200,0.8754554037598321,10000000000.0,1e-09,,False,86400,314681.1720527109,2953662,7555,191883,40.0,slot=45,300,50,300,45,359448.5460952605
6,48,1920,energy_first,7200,0.8377717114634698,10000000000.0,1e-09,,False,86400,301135.8236452589,,7555,,40.0,slot=45,300,50,300,45,359448.54609523254
6,48,1920,random,7200,0.11689103521579587,10000000000.0,1e-09,,False,86400,42016.31265988569,,7555,,40.0,slot=45,300,50,300,45,359448.54609524313
6,48,1920,edf,7200,0.11689103521579587,10000000000.0,1e-09,,False,86400,42016.31265988569,,7555,,40.0,slot=45,300,50,300,45,359448.54609524313
6,48,1440,maxflow,7200,0.842335277515964,10000000000.0,1e-09,,False,86400,605552.381655722,2150486,7555,145803,40.0,exec=100,300,100,300,60,718897.092190521
6,48,1440,energy_first,7200,0.8045128400452768,10000000000.0,1e-09,,False,86400,578361.9413384423,,7555,,40.0,exec=100,300,100,300,60,718897.0921904651
6,48,1440,random,7200,0.11501623437234869,10000000000.0,1e-09,,False,86400,82684.83644498093,,7555,,40.0,exec=100,300,100,300,60,718897.0921904863
6,48,1440,edf,7200,0.11501623437234869,10000000000.0,1e-09,,False,86400,82684.83644498093,,7555,,40.0,exec=100,300,100,300,60,718897.0921904863
6,48,1440,maxflow,7200,0.8753386290680489,10000000000.0,1e-09,,False,86400,314639.1975595287,2700334,7555,145803,40.0,deadline=375,375,50,300,60,359448.5460952605
6,48,1440,energy_first,7200,0.8451937151990657,10000000000.0,1e-09,,False,86400,303803.65209713223,,7555,,40.0,deadline=375,375,50,300,60,359448.54609523254
6,48,1440,random,7200,0.11763155312333375,10000000000.0,1e-09,,False,86400,42282.49074510767,,7555,,40.0,deadline=375,375,50,300,60,359448.54609524313
6,48,1440,edf,7200,0.11763155312333375,10000000000.0,1e-09,,False,86400,42282.49074510767,,7555,,40.0,deadline=375,375,50,300,60,359448.54609524313
6,48,1440,maxflow,7200,0.8441008207223962,10000000000.0,1e-09,,False,86400,404677.6977799084,2798116,10075,148323,40.0,period=225,300,50,225,60,479418.67587994784
6,48,1440,energy_first,7200,0.8068936205460125,10000000000.0,1e-09,,False,86400,386839.87113809143,,10075,,40.0,period=225,300,50,225,60,479418.6758798797
6,48,1440,random,7200,0.11219642514470275,10000000000.0,1e-09,,False,86400,53789.06158133062,,10075,,40.0,period=225,300,50,225,60,479418.6758798903
6,48,1440,edf,7200,0.11219642514470275,10000000000.0,1e-09,,False,86400,53789.06158133062,,10075,,40.0,period=225,300,50,225,60,479418.6758798903
6,48,1440,maxflow,7200,0.8793377491837263,10000000000.0,1e-09,,False,86400,316076.67547076923,3252485,7555,145803,40.0,deadline=450,450,50,300,60,359448.5460952605
6,48,1440,energy_first,7200,0.8555851421108774,10000000000.0,1e-09,,False,86400,307538.8353924378,,7555,,40.0,deadline=450,450,50,300,60,359448.54609523254
6,48,1440,random,7200,0.11867791338861347,10000000000.0,1e-09,,False,86400,42658.6034211543,,7555,,40.0,deadline=450,450,50,300,60,359448.54609524313
6,48,1440,edf,7200,0.11867791338861347,10000000000.0,1e-09,,False,86400,42658.6034211543,,7555,,40.0,deadline=450,450,50,300,60,359448.54609524313
6,48,1440,maxflow,7200,0.8426180370204752,10000000000.0,1e-09,,False,86400,605997.4621209375,4093771,15113,153361,40.0,period=150,300,50,150,60,719184.0614565578
6,48,1440,energy_first,7200,0.8055317725731034,10000000000.0,1e-09,,False,86400,579325.6118314926,,15113,,40.0,period=150,300,50,150,60,719184.0614566421
6,48,1440,random,7200,0.11222533709410126,10000000000.0,1e-09,,False,86400,80710.6737296564,,15113,,40.0,period=150,300,50,150,60,719184.061456463
6,48,1440,edf,7200,0.11222533709410126,10000000000.0,1e-09,,False,86400,80710.6737296564,,15113,,40.0,period=150,300,50,150,60,719184.061456463
6,48,2880,maxflow,7200,0.8816830598490242,10000000000.0,1e-09,,False,86400,316919.69397955225,4564274,7555,284043,40.0,slot=30,300,50,300,30,359448.5460952605
6,48,2880,energy_first,7200,0.8429714448078814,10000000000.0,1e-09,,False,86400,303004.86023599055,,7555,,40.0,slot=30,300,50,300,30,359448.54609523254
6,48,2880,random,7200,0.11672676721983355,10000000000.0,1e-09,,False,86400,41957.26676756705,,7555,,40.0,slot=30,300,50,300,30,359448.54609524313
6,48,2880,edf,7200,0.11672676721983355,10000000000.0,1e-09,,False,86400,41957.26676756705,,7555,,40.0,slot=30,300,50,300,30,359448.54609524313
