algorithm,battery_capacity_seconds,completed_job_ratio,coverage_ratio,cpu_cycles_per_second,energy_per_cpu_cycle,horizon_sec,parameter_key,parameter_label,parameter_value,satellite_solar_panel_power_watts,slot_len,slots,task_average_deadline,task_average_execution,task_average_period,time_slot_length,wall_clock_sec
maxflow_preflow_push,0,0.5089285714285714,0.5649970566044633,10000000000.0,1e-08,3600,battery_capacity_seconds,Battery capacity (s),0,14,60,60,30,50,220,60,0.4469001659999998
energy_first,0,0.42757936507936506,0.5041344304944143,10000000000.0,1e-08,3600,battery_capacity_seconds,Battery capacity (s),0,14,60,60,30,50,220,60,0.010754166999999981
edf,0,0.3621031746031746,0.4610698360351911,10000000000.0,1e-08,3600,battery_capacity_seconds,Battery capacity (s),0,14,60,60,30,50,220,60,0.012972999999999901
random,0,0.32837301587301587,0.40622786227047286,10000000000.0,1e-08,3600,battery_capacity_seconds,Battery capacity (s),0,14,60,60,30,50,220,60,0.010496792000000088
maxflow_preflow_push,1,0.5396825396825397,0.5746610136845207,10000000000.0,1e-08,3600,battery_capacity_seconds,Battery capacity (s),1,14,60,60,30,50,220,60,0.8158179170000004
energy_first,1,0.42757936507936506,0.5251636013594732,10000000000.0,1e-08,3600,battery_capacity_seconds,Battery capacity (s),1,14,60,60,30,50,220,60,0.012971500000000358
edf,1,0.3621031746031746,0.480584906597966,10000000000.0,1e-08,3600,battery_capacity_seconds,Battery capacity (s),1,14,60,60,30,50,220,60,0.011496208999999702
random,1,0.32837301587301587,0.4233876656963611,10000000000.0,1e-08,3600,battery_capacity_seconds,Battery capacity (s),1,14,60,60,30,50,220,60,0.01028720800000027
maxflow_preflow_push,2,0.5466269841269841,0.5813987621058396,10000000000.0,1e-08,3600,battery_capacity_seconds,Battery capacity (s),2,14,60,60,30,50,220,60,0.7443367909999994
energy_first,2,0.42757936507936506,0.5461927722245323,10000000000.0,1e-08,3600,battery_capacity_seconds,Battery capacity (s),2,14,60,60,30,50,220,60,0.01058025000000029
edf,2,0.3621031746031746,0.5000999771607407,10000000000.0,1e-08,3600,battery_capacity_seconds,Battery capacity (s),2,14,60,60,30,50,220,60,0.02995508400000002
random,2,0.32837301587301587,0.44054746912224935,10000000000.0,1e-08,3600,battery_capacity_seconds,Battery capacity (s),2,14,60,60,30,50,220,60,0.01009454200000004
maxflow_preflow_push,3,0.5575396825396826,0.5871891473658611,10000000000.0,1e-08,3600,battery_capacity_seconds,Battery capacity (s),3,14,60,60,30,50,220,60,0.6794352080000001
energy_first,3,0.42757936507936506,0.5634051470204667,10000000000.0,1e-08,3600,battery_capacity_seconds,Battery capacity (s),3,14,60,60,30,50,220,60,0.010728333000000312
edf,3,0.3621031746031746,0.5155437985831163,10000000000.0,1e-08,3600,battery_capacity_seconds,Battery capacity (s),3,14,60,60,30,50,220,60,0.012015000000000775
random,3,0.32837301587301587,0.4555444214423005,10000000000.0,1e-08,3600,battery_capacity_seconds,Battery capacity (s),3,14,60,60,30,50,220,60,0.010415749999999946
maxflow_preflow_push,4,0.5615079365079365,0.5922908252558015,10000000000.0,1e-08,3600,battery_capacity_seconds,Battery capacity (s),4,14,60,60,30,50,220,60,0.7158135419999994
energy_first,4,0.5218253968253969,0.5785040979300405,10000000000.0,1e-08,3600,battery_capacity_seconds,Battery capacity (s),4,14,60,60,30,50,220,60,0.010400999999999883
edf,4,0.435515873015873,0.5095725684745017,10000000000.0,1e-08,3600,battery_capacity_seconds,Battery capacity (s),4,14,60,60,30,50,220,60,0.029533167000000304
random,4,0.4126984126984127,0.46949097005139184,10000000000.0,1e-08,3600,battery_capacity_seconds,Battery capacity (s),4,14,60,60,30,50,220,60,0.010283375000000206
maxflow_preflow_push,5,0.564484126984127,0.5963767947119981,10000000000.0,1e-08,3600,battery_capacity_seconds,Battery capacity (s),5,14,60,60,30,50,220,60,0.6774590830000005
energy_first,5,0.5198412698412699,0.5844017281205887,10000000000.0,1e-08,3600,battery_capacity_seconds,Battery capacity (s),5,14,60,60,30,50,220,60,0.010859583000000228
edf,5,0.435515873015873,0.5199126114774282,10000000000.0,1e-08,3600,battery_capacity_seconds,Battery capacity (s),5,14,60,60,30,50,220,60,0.010860875000000547
random,5,0.4126984126984127,0.47949454632047717,10000000000.0,1e-08,3600,battery_capacity_seconds,Battery capacity (s),5,14,60,60,30,50,220,60,0.009952625000000381
maxflow_preflow_push,6,0.5734126984126984,0.5995690259635449,10000000000.0,1e-08,3600,battery_capacity_seconds,Battery capacity (s),6,14,60,60,30,50,220,60,0.6235344170000001
energy_first,6,0.5466269841269841,0.5889966053802574,10000000000.0,1e-08,3600,battery_capacity_seconds,Battery capacity (s),6,14,60,60,30,50,220,60,0.012418832999999907
edf,6,0.44642857142857145,0.5284609703683439,10000000000.0,1e-08,3600,battery_capacity_seconds,Battery capacity (s),6,14,60,60,30,50,220,60,0.010913584000000753
random,6,0.4176587301587302,0.48918163413898574,10000000000.0,1e-08,3600,battery_capacity_seconds,Battery capacity (s),6,14,60,60,30,50,220,60,0.010012541000000041
maxflow_preflow_push,7,0.5753968253968254,0.6015878263665909,10000000000.0,1e-08,3600,battery_capacity_seconds,Battery capacity (s),7,14,60,60,30,50,220,60,0.6084267089999997
energy_first,7,0.5466269841269841,0.592278207130423,10000000000.0,1e-08,3600,battery_capacity_seconds,Battery capacity (s),7,14,60,60,30,50,220,60,0.009736709000000232
edf,7,0.44642857142857145,0.5375003593089779,10000000000.0,1e-08,3600,battery_capacity_seconds,Battery capacity (s),7,14,60,60,30,50,220,60,0.011358583000001587
random,7,0.4176587301587302,0.4986805103073098,10000000000.0,1e-08,3600,battery_capacity_seconds,Battery capacity (s),7,14,60,60,30,50,220,60,0.022690083000000527
maxflow_preflow_push,8,0.5773809523809523,0.6036066267696364,10000000000.0,1e-08,3600,battery_capacity_seconds,Battery capacity (s),8,14,60,60,30,50,220,60,0.6152552090000007
energy_first,8,0.5565476190476191,0.5958153155384647,10000000000.0,1e-08,3600,battery_capacity_seconds,Battery capacity (s),8,14,60,60,30,50,220,60,0.010725625000002736
edf,8,0.4623015873015873,0.5407630363624804,10000000000.0,1e-08,3600,battery_capacity_seconds,Battery capacity (s),8,14,60,60,30,50,220,60,0.010544333000002126
random,8,0.4375,0.5077567016983617,10000000000.0,1e-08,3600,battery_capacity_seconds,Battery capacity (s),8,14,60,60,30,50,220,60,0.027304624999999305
maxflow_preflow_push,9,0.5793650793650794,0.6048410427326835,10000000000.0,1e-08,3600,battery_capacity_seconds,Battery capacity (s),9,14,60,60,30,50,220,60,0.5626135000000012
energy_first,9,0.5595238095238095,0.5986058872389118,10000000000.0,1e-08,3600,battery_capacity_seconds,Battery capacity (s),9,14,60,60,30,50,220,60,0.010708375000000103
edf,9,0.4623015873015873,0.5487667385861063,10000000000.0,1e-08,3600,battery_capacity_seconds,Battery capacity (s),9,14,60,60,30,50,220,60,0.01143508400000215
random,9,0.4384920634920635,0.5157845882470403,10000000000.0,1e-08,3600,battery_capacity_seconds,Battery capacity (s),9,14,60,60,30,50,220,60,0.02022750000000073
maxflow_preflow_push,10,0.5793650793650794,0.6048410427326845,10000000000.0,1e-08,3600,battery_capacity_seconds,Battery capacity (s),10,14,60,60,30,50,220,60,0.5522493329999989
energy_first,10,0.5684523809523809,0.6007056510397691,10000000000.0,1e-08,3600,battery_capacity_seconds,Battery capacity (s),10,14,60,60,30,50,220,60,0.010656582999999387
edf,10,0.46726190476190477,0.5554971251886031,10000000000.0,1e-08,3600,battery_capacity_seconds,Battery capacity (s),10,14,60,60,30,50,220,60,0.02635508399999864
random,10,0.44345238095238093,0.5234381553467055,10000000000.0,1e-08,3600,battery_capacity_seconds,Battery capacity (s),10,14,60,60,30,50,220,60,0.013154415999999003
maxflow_preflow_push,0.5,0.0,0.004350514868563445,10000000.0,1e-08,3600,cpu_cycles_per_second,CPU cycles per second,10000000.0,14,60,60,30,50,220,60,0.8276563750000001
energy_first,0.5,0.0,0.004350514868563445,10000000.0,1e-08,3600,cpu_cycles_per_second,CPU cycles per second,10000000.0,14,60,60,30,50,220,60,0.027352249999999856
edf,0.5,0.0,0.004350514868563445,10000000.0,1e-08,3600,cpu_cycles_per_second,CPU cycles per second,10000000.0,14,60,60,30,50,220,60,0.010726166000001314
random,0.5,0.0,0.0033108326609949186,10000000.0,1e-08,3600,cpu_cycles_per_second,CPU cycles per second,10000000.0,14,60,60,30,50,220,60,0.011172375000001011
maxflow_preflow_push,0.5,0.0,0.00870102973712689,20000000.0,1e-08,3600,cpu_cycles_per_second,CPU cycles per second,20000000.0,14,60,60,30,50,220,60,0.7968647079999975
energy_first,0.5,0.0,0.00870102973712689,20000000.0,1e-08,3600,cpu_cycles_per_second,CPU cycles per second,20000000.0,14,60,60,30,50,220,60,0.010490540999999354
edf,0.5,0.0,0.00870102973712689,20000000.0,1e-08,3600,cpu_cycles_per_second,CPU cycles per second,20000000.0,14,60,60,30,50,220,60,0.010044749999998714
random,0.5,0.0,0.006621665321989837,20000000.0,1e-08,3600,cpu_cycles_per_second,CPU cycles per second,20000000.0,14,60,60,30,50,220,60,0.018482125000002014
maxflow_preflow_push,0.5,0.0,0.021752574342817466,50000000.0,1e-08,3600,cpu_cycles_per_second,CPU cycles per second,50000000.0,14,60,60,30,50,220,60,0.8443697089999986
energy_first,0.5,0.0,0.021752574342817542,50000000.0,1e-08,3600,cpu_cycles_per_second,CPU cycles per second,50000000.0,14,60,60,30,50,220,60,0.01024587499999896
edf,0.5,0.0,0.021752574342817542,50000000.0,1e-08,3600,cpu_cycles_per_second,CPU cycles per second,50000000.0,14,60,60,30,50,220,60,0.01173999999999964
random,0.5,0.0,0.016554163304974834,50000000.0,1e-08,3600,cpu_cycles_per_second,CPU cycles per second,50000000.0,14,60,60,30,50,220,60,0.009883166999998139
maxflow_preflow_push,0.5,0.0,0.04350514868563493,100000000.0,1e-08,3600,cpu_cycles_per_second,CPU cycles per second,100000000.0,14,60,60,30,50,220,60,0.8720644160000006
energy_first,0.5,0.0,0.043505148685635084,100000000.0,1e-08,3600,cpu_cycles_per_second,CPU cycles per second,100000000.0,14,60,60,30,50,220,60,0.010441124999999829
edf,0.5,0.0,0.043505148685635084,100000000.0,1e-08,3600,cpu_cycles_per_second,CPU cycles per second,100000000.0,14,60,60,30,50,220,60,0.02639729199999863
random,0.5,0.0,0.03310832660994967,100000000.0,1e-08,3600,cpu_cycles_per_second,CPU cycles per second,100000000.0,14,60,60,30,50,220,60,0.010132125000001935
maxflow_preflow_push,0.5,0.0,0.08701029737126986,200000000.0,1e-08,3600,cpu_cycles_per_second,CPU cycles per second,200000000.0,14,60,60,30,50,220,60,0.8320705000000004
energy_first,0.5,0.0,0.08701029737127017,200000000.0,1e-08,3600,cpu_cycles_per_second,CPU cycles per second,200000000.0,14,60,60,30,50,220,60,0.010216707999997965
edf,0.5,0.0,0.08701029737127017,200000000.0,1e-08,3600,cpu_cycles_per_second,CPU cycles per second,200000000.0,14,60,60,30,50,220,60,0.027481874999999434
random,0.5,0.0,0.06621665321989934,200000000.0,1e-08,3600,cpu_cycles_per_second,CPU cycles per second,200000000.0,14,60,60,30,50,220,60,0.011343290999999311
maxflow_preflow_push,0.5,0.0,0.21752574342817171,500000000.0,1e-08,3600,cpu_cycles_per_second,CPU cycles per second,500000000.0,14,60,60,30,50,220,60,0.8554467919999986
energy_first,0.5,0.0,0.21752574342817124,500000000.0,1e-08,3600,cpu_cycles_per_second,CPU cycles per second,500000000.0,14,60,60,30,50,220,60,0.010300624999999286
edf,0.5,0.0,0.21752574342817124,500000000.0,1e-08,3600,cpu_cycles_per_second,CPU cycles per second,500000000.0,14,60,60,30,50,220,60,0.009940958000001388
random,0.5,0.0,0.16554163304974517,500000000.0,1e-08,3600,cpu_cycles_per_second,CPU cycles per second,500000000.0,14,60,60,30,50,220,60,0.009767708000001818
maxflow_preflow_push,0.5,0.0,0.43505148685634343,1000000000.0,1e-08,3600,cpu_cycles_per_second,CPU cycles per second,1000000000.0,14,60,60,30,50,220,60,0.9205492500000005
energy_first,0.5,0.0,0.4350514868563425,1000000000.0,1e-08,3600,cpu_cycles_per_second,CPU cycles per second,1000000000.0,14,60,60,30,50,220,60,0.010424832999994749
edf,0.5,0.0,0.4350514868563425,1000000000.0,1e-08,3600,cpu_cycles_per_second,CPU cycles per second,1000000000.0,14,60,60,30,50,220,60,0.01010341700000339
random,0.5,0.0,0.33108326609949035,1000000000.0,1e-08,3600,cpu_cycles_per_second,CPU cycles per second,1000000000.0,14,60,60,30,50,220,60,0.010429666999996812
maxflow_preflow_push,0.5,0.4990079365079365,0.5660737501527507,2000000000.0,1e-08,3600,cpu_cycles_per_second,CPU cycles per second,2000000000.0,14,60,60,30,50,220,60,0.7995248340000032
energy_first,0.5,0.42757936507936506,0.5062373475809233,2000000000.0,1e-08,3600,cpu_cycles_per_second,CPU cycles per second,2000000000.0,14,60,60,30,50,220,60,0.02837112499999961
edf,0.5,0.3601190476190476,0.4631443635853216,2000000000.0,1e-08,3600,cpu_cycles_per_second,CPU cycles per second,2000000000.0,14,60,60,30,50,220,60,0.01125308299999972
random,0.5,0.3253968253968254,0.40704799972659866,2000000000.0,1e-08,3600,cpu_cycles_per_second,CPU cycles per second,2000000000.0,14,60,60,30,50,220,60,0.010375209000002883
maxflow_preflow_push,0.5,0.5208333333333334,0.5668812703139792,3500000000.0,1e-08,3600,cpu_cycles_per_second,CPU cycles per second,3500000000.0,14,60,60,30,50,220,60,0.7675282909999979
energy_first,0.5,0.42757936507936506,0.5078145353958122,3500000000.0,1e-08,3600,cpu_cycles_per_second,CPU cycles per second,3500000000.0,14,60,60,30,50,220,60,0.01070604200000247
edf,0.5,0.3621031746031746,0.46448497338368966,3500000000.0,1e-08,3600,cpu_cycles_per_second,CPU cycles per second,3500000000.0,14,60,60,30,50,220,60,0.010708417000003578
random,0.5,0.32837301587301587,0.409230827870015,3500000000.0,1e-08,3600,cpu_cycles_per_second,CPU cycles per second,3500000000.0,14,60,60,30,50,220,60,0.010034374999996487
maxflow_preflow_push,0.5,0.5228174603174603,0.5676887904751908,5000000000.0,1e-08,3600,cpu_cycles_per_second,CPU cycles per second,5000000000.0,14,60,60,30,50,220,60,0.7834347920000013
energy_first,0.5,0.42757936507936506,0.509391723210679,5000000000.0,1e-08,3600,cpu_cycles_per_second,CPU cycles per second,5000000000.0,14,60,60,30,50,220,60,0.02922550000000257
edf,0.5,0.3621031746031746,0.46594860367588475,5000000000.0,1e-08,3600,cpu_cycles_per_second,CPU cycles per second,5000000000.0,14,60,60,30,50,220,60,0.010805000000004839
random,0.5,0.32837301587301587,0.41051781312694496,5000000000.0,1e-08,3600,cpu_cycles_per_second,CPU cycles per second,5000000000.0,14,60,60,30,50,220,60,0.011373042000002442
maxflow_preflow_push,0.5,0.5337301587301587,0.5703626490835486,10000000000.0,1e-08,3600,cpu_cycles_per_second,CPU cycles per second,10000000000.0,14,60,60,30,50,220,60,0.8654026250000015
energy_first,0.5,0.42757936507936506,0.5146490159269438,10000000000.0,1e-08,3600,cpu_cycles_per_second,CPU cycles per second,10000000000.0,14,60,60,30,50,220,60,0.010629291999997292
edf,0.5,0.3621031746031746,0.47082737131657854,10000000000.0,1e-08,3600,cpu_cycles_per_second,CPU cycles per second,10000000000.0,14,60,60,30,50,220,60,0.011261334000003842
random,0.5,0.32837301587301587,0.414807763983417,10000000000.0,1e-08,3600,cpu_cycles_per_second,CPU cycles per second,10000000000.0,14,60,60,30,50,220,60,0.010084374999998147
maxflow_preflow_push,0.5,0.5793650793650794,0.6048410427326837,10000000000.0,5e-09,3600,energy_per_cpu_cycle,Energy per CPU cycle,5e-09,14,60,60,30,50,220,60,0.5018841249999966
energy_first,0.5,0.5793650793650794,0.6048410427326719,10000000000.0,5e-09,3600,energy_per_cpu_cycle,Energy per CPU cycle,5e-09,14,60,60,30,50,220,60,0.012123291000001757
edf,0.5,0.5208333333333334,0.5927355913372185,10000000000.0,5e-09,3600,energy_per_cpu_cycle,Energy per CPU cycle,5e-09,14,60,60,30,50,220,60,0.009674165999996376
random,0.5,0.49404761904761907,0.569638199493331,10000000000.0,5e-09,3600,energy_per_cpu_cycle,Energy per CPU cycle,5e-09,14,60,60,30,50,220,60,0.011328499999997632
maxflow_preflow_push,0.5,0.5793650793650794,0.6048410427326811,10000000000.0,6e-09,3600,energy_per_cpu_cycle,Energy per CPU cycle,6e-09,14,60,60,30,50,220,60,0.49294020800000027
energy_first,0.5,0.5793650793650794,0.6048410427326719,10000000000.0,6e-09,3600,energy_per_cpu_cycle,Energy per CPU cycle,6e-09,14,60,60,30,50,220,60,0.012111375000003477
edf,0.5,0.5208333333333334,0.5649434391219574,10000000000.0,6e-09,3600,energy_per_cpu_cycle,Energy per CPU cycle,6e-09,14,60,60,30,50,220,60,0.027457083000001603
random,0.5,0.49404761904761907,0.5390197267138058,10000000000.0,6e-09,3600,energy_per_cpu_cycle,Energy per CPU cycle,6e-09,14,60,60,30,50,220,60,0.010384458000004315
maxflow_preflow_push,0.5,0.5783730158730159,0.6047358958402788,10000000000.0,7e-09,3600,energy_per_cpu_cycle,Energy per CPU cycle,7e-09,14,60,60,30,50,220,60,0.5822957919999965
energy_first,0.5,0.5505952380952381,0.6040103851893097,10000000000.0,7e-09,3600,energy_per_cpu_cycle,Energy per CPU cycle,7e-09,14,60,60,30,50,220,60,0.023624333000000775
edf,0.5,0.46825396825396826,0.556920803066591,10000000000.0,7e-09,3600,energy_per_cpu_cycle,Energy per CPU cycle,7e-09,14,60,60,30,50,220,60,0.02013149999999797
random,0.5,0.43154761904761907,0.5145733088356748,10000000000.0,7e-09,3600,energy_per_cpu_cycle,Energy per CPU cycle,7e-09,14,60,60,30,50,220,60,0.010041417000003605
maxflow_preflow_push,0.5,0.5734126984126984,0.6011083633470172,10000000000.0,8e-09,3600,energy_per_cpu_cycle,Energy per CPU cycle,8e-09,14,60,60,30,50,220,60,0.5710680420000003
energy_first,0.5,0.42757936507936506,0.5687023967184911,10000000000.0,8e-09,3600,energy_per_cpu_cycle,Energy per CPU cycle,8e-09,14,60,60,30,50,220,60,0.010916874999999493
edf,0.5,0.3630952380952381,0.5481253462795306,10000000000.0,8e-09,3600,energy_per_cpu_cycle,Energy per CPU cycle,8e-09,14,60,60,30,50,220,60,0.01081008400000627
random,0.5,0.32936507936507936,0.47381877196211425,10000000000.0,8e-09,3600,energy_per_cpu_cycle,Energy per CPU cycle,8e-09,14,60,60,30,50,220,60,0.01173408300000034
maxflow_preflow_push,0.5,0.5575396825396826,0.5886170296247119,10000000000.0,9e-09,3600,energy_per_cpu_cycle,Energy per CPU cycle,9e-09,14,60,60,30,50,220,60,0.6690750829999956
energy_first,0.5,0.42757936507936506,0.5386727407231882,10000000000.0,9e-09,3600,energy_per_cpu_cycle,Energy per CPU cycle,9e-09,14,60,60,30,50,220,60,0.01067958299999816
edf,0.5,0.3630952380952381,0.5053379932927587,10000000000.0,9e-09,3600,energy_per_cpu_cycle,Energy per CPU cycle,9e-09,14,60,60,30,50,220,60,0.012210666000001424
random,0.5,0.32936507936507936,0.441186755916548,10000000000.0,9e-09,3600,energy_per_cpu_cycle,Energy per CPU cycle,9e-09,14,60,60,30,50,220,60,0.010355541999999218
maxflow_preflow_push,0.5,0.5337301587301587,0.5703626490835486,10000000000.0,1e-08,3600,energy_per_cpu_cycle,Energy per CPU cycle,1e-08,14,60,60,30,50,220,60,0.8751754170000012
energy_first,0.5,0.42757936507936506,0.5146490159269438,10000000000.0,1e-08,3600,energy_per_cpu_cycle,Energy per CPU cycle,1e-08,14,60,60,30,50,220,60,0.01103595800000079
edf,0.5,0.3621031746031746,0.47082737131657854,10000000000.0,1e-08,3600,energy_per_cpu_cycle,Energy per CPU cycle,1e-08,14,60,60,30,50,220,60,0.02502662500000241
random,0.5,0.32837301587301587,0.414807763983417,10000000000.0,1e-08,3600,energy_per_cpu_cycle,Energy per CPU cycle,1e-08,14,60,60,30,50,220,60,0.013101083000002234
maxflow_preflow_push,0.5,0.49702380952380953,0.5430922084695917,10000000000.0,1.1e-08,3600,energy_per_cpu_cycle,Energy per CPU cycle,1.1e-08,14,60,60,30,50,220,60,0.8751121659999939
energy_first,0.5,0.42757936507936506,0.4949932410936517,10000000000.0,1.1e-08,3600,energy_per_cpu_cycle,Energy per CPU cycle,1.1e-08,14,60,60,30,50,220,60,0.010625167000000602
edf,0.5,0.3621031746031746,0.44256416567393725,10000000000.0,1.1e-08,3600,energy_per_cpu_cycle,Energy per CPU cycle,1.1e-08,14,60,60,30,50,220,60,0.021070166000001223
random,0.5,0.32837301587301587,0.3932249524017644,10000000000.0,1.1e-08,3600,energy_per_cpu_cycle,Energy per CPU cycle,1.1e-08,14,60,60,30,50,220,60,0.01741183300000415
maxflow_preflow_push,0.5,0.4573412698412698,0.5088481097492259,10000000000.0,1.2e-08,3600,energy_per_cpu_cycle,Energy per CPU cycle,1.2e-08,14,60,60,30,50,220,60,1.0212472919999982
energy_first,0.5,0.42757936507936506,0.4786134287325787,10000000000.0,1.2e-08,3600,energy_per_cpu_cycle,Energy per CPU cycle,1.2e-08,14,60,60,30,50,220,60,0.013187082999998267
edf,0.5,0.3621031746031746,0.4190114943050736,10000000000.0,1.2e-08,3600,energy_per_cpu_cycle,Energy per CPU cycle,1.2e-08,14,60,60,30,50,220,60,0.013047083000003568
random,0.5,0.32837301587301587,0.375239276083723,10000000000.0,1.2e-08,3600,energy_per_cpu_cycle,Energy per CPU cycle,1.2e-08,14,60,60,30,50,220,60,0.0254360420000026
maxflow_preflow_push,0.5,0.376984126984127,0.4385002708782131,10000000000.0,1.4e-08,3600,energy_per_cpu_cycle,Energy per CPU cycle,1.4e-08,14,60,60,30,50,220,60,1.166763666999998
energy_first,0.5,0.06349206349206349,0.4385002708782085,10000000000.0,1.4e-08,3600,energy_per_cpu_cycle,Energy per CPU cycle,1.4e-08,14,60,60,30,50,220,60,0.010894167000003563
edf,0.5,0.054563492063492064,0.43170784889641,10000000000.0,1.4e-08,3600,energy_per_cpu_cycle,Energy per CPU cycle,1.4e-08,14,60,60,30,50,220,60,0.010236249999998392
random,0.5,0.1498015873015873,0.3413139594900696,10000000000.0,1.4e-08,3600,energy_per_cpu_cycle,Energy per CPU cycle,1.4e-08,14,60,60,30,50,220,60,0.010019124999999462
maxflow_preflow_push,0.5,0.33035714285714285,0.38411883502117006,10000000000.0,1.6e-08,3600,energy_per_cpu_cycle,Energy per CPU cycle,1.6e-08,14,60,60,30,50,220,60,1.1302374170000036
energy_first,0.5,0.0,0.3841188350211663,10000000000.0,1.6e-08,3600,energy_per_cpu_cycle,Energy per CPU cycle,1.6e-08,14,60,60,30,50,220,60,0.010278542000001778
edf,0.5,0.006944444444444444,0.3862427814861526,10000000000.0,1.6e-08,3600,energy_per_cpu_cycle,Energy per CPU cycle,1.6e-08,14,60,60,30,50,220,60,0.011769999999998504
random,0.5,0.005952380952380952,0.30104835296717886,10000000000.0,1.6e-08,3600,energy_per_cpu_cycle,Energy per CPU cycle,1.6e-08,14,60,60,30,50,220,60,0.02940570900000239
maxflow_preflow_push,0.5,0.25297619047619047,0.30798482482131223,10000000000.0,2e-08,3600,energy_per_cpu_cycle,Energy per CPU cycle,2e-08,14,60,60,30,50,220,60,1.1177390830000036
energy_first,0.5,0.0,0.3079848248213091,10000000000.0,2e-08,3600,energy_per_cpu_cycle,Energy per CPU cycle,2e-08,14,60,60,30,50,220,60,0.010476249999996412
edf,0.5,0.006944444444444444,0.3104620613568286,10000000000.0,2e-08,3600,energy_per_cpu_cycle,Energy per CPU cycle,2e-08,14,60,60,30,50,220,60,0.009868083000000638
random,0.5,0.005952380952380952,0.24310878139976996,10000000000.0,2e-08,3600,energy_per_cpu_cycle,Energy per CPU cycle,2e-08,14,60,60,30,50,220,60,0.01157212500000071
maxflow_preflow_push,0.5,0.376984126984127,0.4385002708782131,10000000000.0,1e-08,3600,satellite_solar_panel_power_watts,Solar panel power (W),10,10,60,60,30,50,220,60,1.1165486250000072
energy_first,0.5,0.06349206349206349,0.4385002708782085,10000000000.0,1e-08,3600,satellite_solar_panel_power_watts,Solar panel power (W),10,10,60,60,30,50,220,60,0.010604499999999462
edf,0.5,0.054563492063492064,0.43170784889641,10000000000.0,1e-08,3600,satellite_solar_panel_power_watts,Solar panel power (W),10,10,60,60,30,50,220,60,0.011959083999997233
random,0.5,0.1498015873015873,0.3413139594900696,10000000000.0,1e-08,3600,satellite_solar_panel_power_watts,Solar panel power (W),10,10,60,60,30,50,220,60,0.010508250000000885
maxflow_preflow_push,0.5,0.4226190476190476,0.4817635846179343,10000000000.0,1e-08,3600,satellite_solar_panel_power_watts,Solar panel power (W),11,11,60,60,30,50,220,60,1.1260805409999932
energy_first,0.5,0.42757936507936506,0.46803365131325025,10000000000.0,1e-08,3600,satellite_solar_panel_power_watts,Solar panel power (W),11,11,60,60,30,50,220,60,0.012308708999995588
edf,0.5,0.3621031746031746,0.4039041362946899,10000000000.0,1e-08,3600,satellite_solar_panel_power_watts,Solar panel power (W),11,11,60,60,30,50,220,60,0.010761416999997664
random,0.5,0.32837301587301587,0.3637731197871825,10000000000.0,1e-08,3600,satellite_solar_panel_power_watts,Solar panel power (W),11,11,60,60,30,50,220,60,0.029077541999996015
maxflow_preflow_push,0.5,0.4751984126984127,0.5201008206362319,10000000000.0,1e-08,3600,satellite_solar_panel_power_watts,Solar panel power (W),12,12,60,60,30,50,220,60,0.9482574580000005
energy_first,0.5,0.42757936507936506,0.48376136976034384,10000000000.0,1e-08,3600,satellite_solar_panel_power_watts,Solar panel power (W),12,12,60,60,30,50,220,60,0.010888915999998972
edf,0.5,0.3621031746031746,0.4264137624495738,10000000000.0,1e-08,3600,satellite_solar_panel_power_watts,Solar panel power (W),12,12,60,60,30,50,220,60,0.01068750000000307
random,0.5,0.32837301587301587,0.38089191721225096,10000000000.0,1e-08,3600,satellite_solar_panel_power_watts,Solar panel power (W),12,12,60,60,30,50,220,60,0.010398292000004972
maxflow_preflow_push,0.5,0.5059523809523809,0.5493818443772084,10000000000.0,1e-08,3600,satellite_solar_panel_power_watts,Solar panel power (W),13,13,60,60,30,50,220,60,0.8852669580000025
energy_first,0.5,0.42757936507936506,0.49920519284364145,10000000000.0,1e-08,3600,satellite_solar_panel_power_watts,Solar panel power (W),13,13,60,60,30,50,220,60,0.010712208000001056
edf,0.5,0.3621031746031746,0.4486205668830736,10000000000.0,1e-08,3600,satellite_solar_panel_power_watts,Solar panel power (W),13,13,60,60,30,50,220,60,0.027499624999990147
random,0.5,0.32837301587301587,0.39784984059783285,10000000000.0,1e-08,3600,satellite_solar_panel_power_watts,Solar panel power (W),13,13,60,60,30,50,220,60,0.011155625000000668
maxflow_preflow_push,0.5,0.5337301587301587,0.5703626490835486,10000000000.0,1e-08,3600,satellite_solar_panel_power_watts,Solar panel power (W),14,14,60,60,30,50,220,60,0.8625452910000035
energy_first,0.5,0.42757936507936506,0.5146490159269438,10000000000.0,1e-08,3600,satellite_solar_panel_power_watts,Solar panel power (W),14,14,60,60,30,50,220,60,0.010795708000003401
edf,0.5,0.3621031746031746,0.47082737131657854,10000000000.0,1e-08,3600,satellite_solar_panel_power_watts,Solar panel power (W),14,14,60,60,30,50,220,60,0.010756125000000338
random,0.5,0.32837301587301587,0.414807763983417,10000000000.0,1e-08,3600,satellite_solar_panel_power_watts,Solar panel power (W),14,14,60,60,30,50,220,60,0.010238250000000448
maxflow_preflow_push,0.5,0.5505952380952381,0.5837382619840163,10000000000.0,1e-08,3600,satellite_solar_panel_power_watts,Solar panel power (W),15,15,60,60,30,50,220,60,0.6522432919999943
energy_first,0.5,0.42757936507936506,0.5300928390102428,10000000000.0,1e-08,3600,satellite_solar_panel_power_watts,Solar panel power (W),15,15,60,60,30,50,220,60,0.02412766599999827
edf,0.5,0.3621031746031746,0.49303417575008096,10000000000.0,1e-08,3600,satellite_solar_panel_power_watts,Solar panel power (W),15,15,60,60,30,50,220,60,0.015435499999995272
random,0.5,0.32837301587301587,0.4317656873690011,10000000000.0,1e-08,3600,satellite_solar_panel_power_watts,Solar panel power (W),15,15,60,60,30,50,220,60,0.011409207999989235
maxflow_preflow_push,0.5,0.5595238095238095,0.592520043737262,10000000000.0,1e-08,3600,satellite_solar_panel_power_watts,Solar panel power (W),16,16,60,60,30,50,220,60,0.6757974169999983
energy_first,0.5,0.42757936507936506,0.5455366620935405,10000000000.0,1e-08,3600,satellite_solar_panel_power_watts,Solar panel power (W),16,16,60,60,30,50,220,60,0.010530625000001237
edf,0.5,0.3630952380952381,0.5151179596897318,10000000000.0,1e-08,3600,satellite_solar_panel_power_watts,Solar panel power (W),16,16,60,60,30,50,220,60,0.010686583000008909
random,0.5,0.32936507936507936,0.4486847069441942,10000000000.0,1e-08,3600,satellite_solar_panel_power_watts,Solar panel power (W),16,16,60,60,30,50,220,60,0.01073741599999778
maxflow_preflow_push,0.5,0.5714285714285714,0.6002524745356914,10000000000.0,1e-08,3600,satellite_solar_panel_power_watts,Solar panel power (W),17,17,60,60,30,50,220,60,0.5668241250000108
energy_first,0.5,0.42757936507936506,0.5609804851768395,10000000000.0,1e-08,3600,satellite_solar_panel_power_watts,Solar panel power (W),17,17,60,60,30,50,220,60,0.02045533300000102
edf,0.5,0.3630952380952381,0.5371228840829297,10000000000.0,1e-08,3600,satellite_solar_panel_power_watts,Solar panel power (W),17,17,60,60,30,50,220,60,0.01618720800000517
random,0.5,0.32936507936507936,0.46544075028947396,10000000000.0,1e-08,3600,satellite_solar_panel_power_watts,Solar panel power (W),17,17,60,60,30,50,220,60,0.010394500000003859
maxflow_preflow_push,0.5,0.5753968253968254,0.6018654134981615,10000000000.0,1e-08,3600,satellite_solar_panel_power_watts,Solar panel power (W),18,18,60,60,30,50,220,60,0.5585568340000009
energy_first,0.5,0.42757936507936506,0.576424308260137,10000000000.0,1e-08,3600,satellite_solar_panel_power_watts,Solar panel power (W),18,18,60,60,30,50,220,60,0.027374083000012206
edf,0.5,0.3630952380952381,0.559127808476125,10000000000.0,1e-08,3600,satellite_solar_panel_power_watts,Solar panel power (W),18,18,60,60,30,50,220,60,0.012609124999997334
random,0.5,0.32936507936507936,0.4821967936347511,10000000000.0,1e-08,3600,satellite_solar_panel_power_watts,Solar panel power (W),18,18,60,60,30,50,220,60,0.010785749999996597
maxflow_preflow_push,0.5,0.5763888888888888,0.6033795138004461,10000000000.0,1e-08,3600,satellite_solar_panel_power_watts,Solar panel power (W),19,19,60,60,30,50,220,60,0.544297291999996
energy_first,0.5,0.42757936507936506,0.5918681313434404,10000000000.0,1e-08,3600,satellite_solar_panel_power_watts,Solar panel power (W),19,19,60,60,30,50,220,60,0.010876791000001163
edf,0.5,0.3630952380952381,0.5811327328693275,10000000000.0,1e-08,3600,satellite_solar_panel_power_watts,Solar panel power (W),19,19,60,60,30,50,220,60,0.0174522909999979
random,0.5,0.32936507936507936,0.49895283698003257,10000000000.0,1e-08,3600,satellite_solar_panel_power_watts,Solar panel power (W),19,19,60,60,30,50,220,60,0.02110770800000239
maxflow_preflow_push,0.5,0.5783730158730159,0.6047358958402788,10000000000.0,1e-08,3600,satellite_solar_panel_power_watts,Solar panel power (W),20,20,60,60,30,50,220,60,0.5412145000000095
energy_first,0.5,0.5505952380952381,0.6040103851893097,10000000000.0,1e-08,3600,satellite_solar_panel_power_watts,Solar panel power (W),20,20,60,60,30,50,220,60,0.027083417000000054
edf,0.5,0.46825396825396826,0.556920803066591,10000000000.0,1e-08,3600,satellite_solar_panel_power_watts,Solar panel power (W),20,20,60,60,30,50,220,60,0.01106720800000005
random,0.5,0.43154761904761907,0.5145733088356748,10000000000.0,1e-08,3600,satellite_solar_panel_power_watts,Solar panel power (W),20,20,60,60,30,50,220,60,0.012218125000003965
maxflow_preflow_push,0.5,0.12996031746031747,0.1356749599280501,10000000000.0,1e-08,3600,task_average_deadline,Average deadline (s),20,14,60,60,20,50,220,60,0.43819487500000776
energy_first,0.5,0.12996031746031747,0.13567495992804918,10000000000.0,1e-08,3600,task_average_deadline,Average deadline (s),20,14,60,60,20,50,220,60,0.019244249999999852
edf,0.5,0.11805555555555555,0.12870168562350312,10000000000.0,1e-08,3600,task_average_deadline,Average deadline (s),20,14,60,60,20,50,220,60,0.007213542000002349
random,0.5,0.11607142857142858,0.1265461955060268,10000000000.0,1e-08,3600,task_average_deadline,Average deadline (s),20,14,60,60,20,50,220,60,0.0036198749999982738
maxflow_preflow_push,0.5,0.2222222222222222,0.2319938246097961,10000000000.0,1e-08,3600,task_average_deadline,Average deadline (s),22,14,60,60,22,50,220,60,0.4729552500000125
energy_first,0.5,0.2222222222222222,0.23199382460979345,10000000000.0,1e-08,3600,task_average_deadline,Average deadline (s),22,14,60,60,22,50,220,60,0.007172832999998491
edf,0.5,0.1884920634920635,0.2123063113164634,10000000000.0,1e-08,3600,task_average_deadline,Average deadline (s),22,14,60,60,22,50,220,60,0.004826458000010803
random,0.5,0.1736111111111111,0.20214186017743319,10000000000.0,1e-08,3600,task_average_deadline,Average deadline (s),22,14,60,60,22,50,220,60,0.003951499999999442
maxflow_preflow_push,0.5,0.30952380952380953,0.3231342557065024,10000000000.0,1e-08,3600,task_average_deadline,Average deadline (s),24,14,60,60,24,50,220,60,0.5215738750000014
energy_first,0.5,0.30952380952380953,0.32313425570649706,10000000000.0,1e-08,3600,task_average_deadline,Average deadline (s),24,14,60,60,24,50,220,60,0.006994290999998043
edf,0.5,0.2371031746031746,0.28046816336041647,10000000000.0,1e-08,3600,task_average_deadline,Average deadline (s),24,14,60,60,24,50,220,60,0.006282125000012684
random,0.5,0.23313492063492064,0.27330352495049876,10000000000.0,1e-08,3600,task_average_deadline,Average deadline (s),24,14,60,60,24,50,220,60,0.00807641699999806
maxflow_preflow_push,0.5,0.39880952380952384,0.4163460602372251,10000000000.0,1e-08,3600,task_average_deadline,Average deadline (s),26,14,60,60,26,50,220,60,0.5208876250000003
energy_first,0.5,0.3819444444444444,0.40658642027401215,10000000000.0,1e-08,3600,task_average_deadline,Average deadline (s),26,14,60,60,26,50,220,60,0.00808795799999018
edf,0.5,0.28273809523809523,0.3465691562443631,10000000000.0,1e-08,3600,task_average_deadline,Average deadline (s),26,14,60,60,26,50,220,60,0.007746249999996735
random,0.5,0.26686507936507936,0.3261803232688184,10000000000.0,1e-08,3600,task_average_deadline,Average deadline (s),26,14,60,60,26,50,220,60,0.007728416999995602
maxflow_preflow_push,0.5,0.4801587301587302,0.504380479786738,10000000000.0,1e-08,3600,task_average_deadline,Average deadline (s),28,14,60,60,28,50,220,60,0.6033768750000092
energy_first,0.5,0.42063492063492064,0.4704351882316577,10000000000.0,1e-08,3600,task_average_deadline,Average deadline (s),28,14,60,60,28,50,220,60,0.009291583000006653
edf,0.5,0.33035714285714285,0.41339775864785716,10000000000.0,1e-08,3600,task_average_deadline,Average deadline (s),28,14,60,60,28,50,220,60,0.009276958000000946
random,0.5,0.29464285714285715,0.36583503087286745,10000000000.0,1e-08,3600,task_average_deadline,Average deadline (s),28,14,60,60,28,50,220,60,0.008650541000008616
maxflow_preflow_push,0.5,0.5337301587301587,0.5703626490835486,10000000000.0,1e-08,3600,task_average_deadline,Average deadline (s),30,14,60,60,30,50,220,60,0.7916916249999986
energy_first,0.5,0.42757936507936506,0.5146490159269438,10000000000.0,1e-08,3600,task_average_deadline,Average deadline (s),30,14,60,60,30,50,220,60,0.010874916999995321
edf,0.5,0.3621031746031746,0.47082737131657854,10000000000.0,1e-08,3600,task_average_deadline,Average deadline (s),30,14,60,60,30,50,220,60,0.012572708000007538
random,0.5,0.32837301587301587,0.414807763983417,10000000000.0,1e-08,3600,task_average_deadline,Average deadline (s),30,14,60,60,30,50,220,60,0.010284459000004631
maxflow_preflow_push,0.5,0.5555555555555556,0.605472946116158,10000000000.0,1e-08,3600,task_average_deadline,Average deadline (s),32,14,60,60,32,50,220,60,1.0466463329999982
energy_first,0.5,0.42757936507936506,0.5495080164957741,10000000000.0,1e-08,3600,task_average_deadline,Average deadline (s),32,14,60,60,32,50,220,60,0.013650458000000754
edf,0.5,0.3878968253968254,0.5197717132298253,10000000000.0,1e-08,3600,task_average_deadline,Average deadline (s),32,14,60,60,32,50,220,60,0.012198124999997617
random,0.5,0.34226190476190477,0.4420573625522835,10000000000.0,1e-08,3600,task_average_deadline,Average deadline (s),32,14,60,60,32,50,220,60,0.011301875000000905
maxflow_preflow_push,0.5,0.5565476190476191,0.6123578902213012,10000000000.0,1e-08,3600,task_average_deadline,Average deadline (s),34,14,60,60,34,50,220,60,1.2110147080000075
energy_first,0.5,0.42757936507936506,0.5746263059503706,10000000000.0,1e-08,3600,task_average_deadline,Average deadline (s),34,14,60,60,34,50,220,60,0.11328225000001169
edf,0.5,0.4126984126984127,0.562059271780488,10000000000.0,1e-08,3600,task_average_deadline,Average deadline (s),34,14,60,60,34,50,220,60,0.016527666000001773
random,0.5,0.36408730158730157,0.48011385234012677,10000000000.0,1e-08,3600,task_average_deadline,Average deadline (s),34,14,60,60,34,50,220,60,0.013997665999994524
maxflow_preflow_push,0.5,0.558531746031746,0.6125208656207548,10000000000.0,1e-08,3600,task_average_deadline,Average deadline (s),36,14,60,60,36,50,220,60,1.2381225419999993
energy_first,0.5,0.42757936507936506,0.5929458651909465,10000000000.0,1e-08,3600,task_average_deadline,Average deadline (s),36,14,60,60,36,50,220,60,0.014426374999999325
edf,0.5,0.42063492063492064,0.5804860809343609,10000000000.0,1e-08,3600,task_average_deadline,Average deadline (s),36,14,60,60,36,50,220,60,0.01685004200000151
random,0.5,0.3740079365079365,0.4933201716433837,10000000000.0,1e-08,3600,task_average_deadline,Average deadline (s),36,14,60,60,36,50,220,60,0.013343999999989364
maxflow_preflow_push,0.5,0.5615079365079365,0.6125208656207549,10000000000.0,1e-08,3600,task_average_deadline,Average deadline (s),38,14,60,60,38,50,220,60,1.3280971669999957
energy_first,0.5,0.42757936507936506,0.6048504768453097,10000000000.0,1e-08,3600,task_average_deadline,Average deadline (s),38,14,60,60,38,50,220,60,0.030356999999995082
edf,0.5,0.43253968253968256,0.5958163458721424,10000000000.0,1e-08,3600,task_average_deadline,Average deadline (s),38,14,60,60,38,50,220,60,0.016399542000002043
random,0.5,0.376984126984127,0.49944491729450513,10000000000.0,1e-08,3600,task_average_deadline,Average deadline (s),38,14,60,60,38,50,220,60,0.016245458999989637
maxflow_preflow_push,0.5,0.5376984126984127,0.6125208656207544,10000000000.0,1e-08,3600,task_average_deadline,Average deadline (s),40,14,60,60,40,50,220,60,1.3834527089999966
energy_first,0.5,0.42956349206349204,0.6098375438335929,10000000000.0,1e-08,3600,task_average_deadline,Average deadline (s),40,14,60,60,40,50,220,60,0.016740291999994383
edf,0.5,0.4523809523809524,0.6044593348900661,10000000000.0,1e-08,3600,task_average_deadline,Average deadline (s),40,14,60,60,40,50,220,60,0.01669724999999289
random,0.5,0.3869047619047619,0.5133672799176215,10000000000.0,1e-08,3600,task_average_deadline,Average deadline (s),40,14,60,60,40,50,220,60,0.03035395899999571
maxflow_preflow_push,0.5,0.5793650793650794,0.6048410427326805,10000000000.0,1e-08,3600,task_average_execution,Average execution time (s),10,14,60,60,30,10,220,60,0.5191695829999929
energy_first,0.5,0.5793650793650794,0.6048410427326921,10000000000.0,1e-08,3600,task_average_execution,Average execution time (s),10,14,60,60,30,10,220,60,0.010464999999996394
edf,0.5,0.5793650793650794,0.6048410427326921,10000000000.0,1e-08,3600,task_average_execution,Average execution time (s),10,14,60,60,30,10,220,60,0.028927166999991982
random,0.5,0.5793650793650794,0.6048410427326921,10000000000.0,1e-08,3600,task_average_execution,Average execution time (s),10,14,60,60,30,10,220,60,0.011840874999990092
maxflow_preflow_push,0.5,0.5793650793650794,0.6048410427326815,10000000000.0,1e-08,3600,task_average_execution,Average execution time (s),20,14,60,60,30,20,220,60,0.5079323749999958
energy_first,0.5,0.5793650793650794,0.6048410427326921,10000000000.0,1e-08,3600,task_average_execution,Average execution time (s),20,14,60,60,30,20,220,60,0.020828250000008097
edf,0.5,0.5654761904761905,0.5990369886673198,10000000000.0,1e-08,3600,task_average_execution,Average execution time (s),20,14,60,60,30,20,220,60,0.01449041699999043
random,0.5,0.558531746031746,0.5943317107000895,10000000000.0,1e-08,3600,task_average_execution,Average execution time (s),20,14,60,60,30,20,220,60,0.010130875000001538
maxflow_preflow_push,0.5,0.5793650793650794,0.604841042732683,10000000000.0,1e-08,3600,task_average_execution,Average execution time (s),30,14,60,60,30,30,220,60,0.5659955409999924
energy_first,0.5,0.5793650793650794,0.6048410427326752,10000000000.0,1e-08,3600,task_average_execution,Average execution time (s),30,14,60,60,30,30,220,60,0.011185250000011138
edf,0.5,0.5208333333333334,0.5679155619375542,10000000000.0,1e-08,3600,task_average_execution,Average execution time (s),30,14,60,60,30,30,220,60,0.012465292000001682
random,0.5,0.49404761904761907,0.5422161606852969,10000000000.0,1e-08,3600,task_average_execution,Average execution time (s),30,14,60,60,30,30,220,60,0.02676595799999859
maxflow_preflow_push,0.5,0.5753968253968254,0.6013186550556702,10000000000.0,1e-08,3600,task_average_execution,Average execution time (s),40,14,60,60,30,40,220,60,0.5522104579999905
energy_first,0.5,0.42757936507936506,0.5713310430766407,10000000000.0,1e-08,3600,task_average_execution,Average execution time (s),40,14,60,60,30,40,220,60,0.01052995899999587
edf,0.5,0.3630952380952381,0.5505647300998937,10000000000.0,1e-08,3600,task_average_execution,Average execution time (s),40,14,60,60,30,40,220,60,0.027344166000006
random,0.5,0.32936507936507936,0.47598477656122923,10000000000.0,1e-08,3600,task_average_execution,Average execution time (s),40,14,60,60,30,40,220,60,0.01323783300000514
maxflow_preflow_push,0.5,0.5337301587301587,0.5703626490835486,10000000000.0,1e-08,3600,task_average_execution,Average execution time (s),50,14,60,60,30,50,220,60,0.8449017500000053
energy_first,0.5,0.42757936507936506,0.5146490159269438,10000000000.0,1e-08,3600,task_average_execution,Average execution time (s),50,14,60,60,30,50,220,60,0.010739874999998733
edf,0.5,0.3621031746031746,0.47082737131657854,10000000000.0,1e-08,3600,task_average_execution,Average execution time (s),50,14,60,60,30,50,220,60,0.010738041999999837
random,0.5,0.32837301587301587,0.414807763983417,10000000000.0,1e-08,3600,task_average_execution,Average execution time (s),50,14,60,60,30,50,220,60,0.024880084000002967
maxflow_preflow_push,0.5,0.4513888888888889,0.50810507904533,10000000000.0,1e-08,3600,task_average_execution,Average execution time (s),60,14,60,60,30,60,220,60,1.0285916250000042
energy_first,0.5,0.42757936507936506,0.47686099782715674,10000000000.0,1e-08,3600,task_average_execution,Average execution time (s),60,14,60,60,30,60,220,60,0.012305459000003793
edf,0.5,0.3621031746031746,0.41738523842484226,10000000000.0,1e-08,3600,task_average_execution,Average execution time (s),60,14,60,60,30,60,220,60,0.010710875000000897
random,0.5,0.32837301587301587,0.37380929246490013,10000000000.0,1e-08,3600,task_average_execution,Average execution time (s),60,14,60,60,30,60,220,60,0.010026332999999
maxflow_preflow_push,0.5,0.38392857142857145,0.4375149040148206,10000000000.0,1e-08,3600,task_average_execution,Average execution time (s),70,14,60,60,30,70,220,60,1.1104652500000043
energy_first,0.5,0.05357142857142857,0.4375149040148226,10000000000.0,1e-08,3600,task_average_execution,Average execution time (s),70,14,60,60,30,70,220,60,0.030782833000003507
edf,0.5,0.05357142857142857,0.43067441535676093,10000000000.0,1e-08,3600,task_average_execution,Average execution time (s),70,14,60,60,30,70,220,60,0.010196333999999752
random,0.5,0.1378968253968254,0.3394551305268303,10000000000.0,1e-08,3600,task_average_execution,Average execution time (s),70,14,60,60,30,70,220,60,0.01048304199998995
maxflow_preflow_push,0.5,0.31646825396825395,0.38282554101297084,10000000000.0,1e-08,3600,task_average_execution,Average execution time (s),80,14,60,60,30,80,220,60,1.0841661249999959
energy_first,0.5,0.0,0.3828255410129758,10000000000.0,1e-08,3600,task_average_execution,Average execution time (s),80,14,60,60,30,80,220,60,0.011393666000003577
edf,0.5,0.006944444444444444,0.385044118746855,10000000000.0,1e-08,3600,task_average_execution,Average execution time (s),80,14,60,60,30,80,220,60,0.010421166000000426
random,0.5,0.005952380952380952,0.2979570648500231,10000000000.0,1e-08,3600,task_average_execution,Average execution time (s),80,14,60,60,30,80,220,60,0.010113458000006403
maxflow_preflow_push,0.5,0.2371031746031746,0.34028936978930835,10000000000.0,1e-08,3600,task_average_execution,Average execution time (s),90,14,60,60,30,90,220,60,1.14996879200001
energy_first,0.5,0.0,0.34028936978930385,10000000000.0,1e-08,3600,task_average_execution,Average execution time (s),90,14,60,60,30,90,220,60,0.013202542000001927
edf,0.5,0.006944444444444444,0.3427217440936444,10000000000.0,1e-08,3600,task_average_execution,Average execution time (s),90,14,60,60,30,90,220,60,0.010486041000007162
random,0.5,0.005952380952380952,0.2651959532167948,10000000000.0,1e-08,3600,task_average_execution,Average execution time (s),90,14,60,60,30,90,220,60,0.012688624999995568
maxflow_preflow_push,0.5,0.18353174603174602,0.3062604328103774,10000000000.0,1e-08,3600,task_average_execution,Average execution time (s),100,14,60,60,30,100,220,60,1.170412916999993
energy_first,0.5,0.0,0.3062604328103743,10000000000.0,1e-08,3600,task_average_execution,Average execution time (s),100,14,60,60,30,100,220,60,0.01171558299999731
edf,0.5,0.006944444444444444,0.3088638443710841,10000000000.0,1e-08,3600,task_average_execution,Average execution time (s),100,14,60,60,30,100,220,60,0.009979917000009664
random,0.5,0.005952380952380952,0.23898706391021837,10000000000.0,1e-08,3600,task_average_execution,Average execution time (s),100,14,60,60,30,100,220,60,0.026009541999997055
maxflow_preflow_push,0.5,0.20730058584948174,0.27816395759339313,10000000000.0,1e-08,3600,task_average_period,Average period (s),100,14,60,60,30,50,100,60,1.7111655830000103
energy_first,0.5,0.19423163587201442,0.27816395759339524,10000000000.0,1e-08,3600,task_average_period,Average period (s),100,14,60,60,30,50,100,60,0.02087629100000754
edf,0.5,0.1978368634520054,0.28207849144274877,10000000000.0,1e-08,3600,task_average_period,Average period (s),100,14,60,60,30,50,100,60,0.022557207999994944
random,0.5,0.19062640829202343,0.2636632809313749,10000000000.0,1e-08,3600,task_average_period,Average period (s),100,14,60,60,30,50,100,60,0.03840708299999562
maxflow_preflow_push,0.5,0.27813852813852813,0.3338560826909573,10000000000.0,1e-08,3600,task_average_period,Average period (s),120,14,60,60,30,50,120,60,1.531937333000002
energy_first,0.5,0.23322510822510822,0.33369618776355514,10000000000.0,1e-08,3600,task_average_period,Average period (s),120,14,60,60,30,50,120,60,0.019478292000002284
edf,0.5,0.23647186147186147,0.3372654559199875,10000000000.0,1e-08,3600,task_average_period,Average period (s),120,14,60,60,30,50,120,60,0.018057791999979145
random,0.5,0.22186147186147187,0.29999388706830715,10000000000.0,1e-08,3600,task_average_period,Average period (s),120,14,60,60,30,50,120,60,0.01820045799999548
maxflow_preflow_push,0.5,0.35353535353535354,0.3895088879602416,10000000000.0,1e-08,3600,task_average_period,Average period (s),140,14,60,60,30,50,140,60,1.404447250000004
energy_first,0.5,0.2720959595959596,0.38284527984879707,10000000000.0,1e-08,3600,task_average_period,Average period (s),140,14,60,60,30,50,140,60,0.01594541700001173
edf,0.5,0.2720959595959596,0.3826025655061683,10000000000.0,1e-08,3600,task_average_period,Average period (s),140,14,60,60,30,50,140,60,0.033736791999984916
random,0.5,0.24242424242424243,0.3257592932757258,10000000000.0,1e-08,3600,task_average_period,Average period (s),140,14,60,60,30,50,140,60,0.0158595000000048
maxflow_preflow_push,0.5,0.3994232155731795,0.44500137013716196,10000000000.0,1e-08,3600,task_average_period,Average period (s),160,14,60,60,30,50,160,60,1.269300166999983
energy_first,0.5,0.31074260994953135,0.42519828517226305,10000000000.0,1e-08,3600,task_average_period,Average period (s),160,14,60,60,30,50,160,60,0.01407112499998675
edf,0.5,0.3013698630136986,0.41760240123094694,10000000000.0,1e-08,3600,task_average_period,Average period (s),160,14,60,60,30,50,160,60,0.025708708999985674
random,0.5,0.27180966113914923,0.36041666090648533,10000000000.0,1e-08,3600,task_average_period,Average period (s),160,14,60,60,30,50,160,60,0.014176957999978868
maxflow_preflow_push,0.5,0.4524776604386678,0.4994331648426057,10000000000.0,1e-08,3600,task_average_period,Average period (s),180,14,60,60,30,50,180,60,1.1461338340000111
energy_first,0.5,0.35012185215272135,0.4601586075664256,10000000000.0,1e-08,3600,task_average_period,Average period (s),180,14,60,60,30,50,180,60,0.014287332999998625
edf,0.5,0.32250203086921203,0.4389532501331968,10000000000.0,1e-08,3600,task_average_period,Average period (s),180,14,60,60,30,50,180,60,0.03157616699999721
random,0.5,0.2843216896831844,0.3695054153456354,10000000000.0,1e-08,3600,task_average_period,Average period (s),180,14,60,60,30,50,180,60,0.012329792000002726
maxflow_preflow_push,0.5,0.4972924187725632,0.5389648798284775,10000000000.0,1e-08,3600,task_average_period,Average period (s),200,14,60,60,30,50,200,60,0.9524537909999822
energy_first,0.5,0.38898916967509023,0.48700328121439584,10000000000.0,1e-08,3600,task_average_period,Average period (s),200,14,60,60,30,50,200,60,0.01151245799999856
edf,0.5,0.34657039711191334,0.45687137629488844,10000000000.0,1e-08,3600,task_average_period,Average period (s),200,14,60,60,30,50,200,60,0.0280732500000056
random,0.5,0.30505415162454874,0.38782678759656375,10000000000.0,1e-08,3600,task_average_period,Average period (s),200,14,60,60,30,50,200,60,0.011010333000001538
maxflow_preflow_push,0.5,0.5337301587301587,0.5703626490835486,10000000000.0,1e-08,3600,task_average_period,Average period (s),220,14,60,60,30,50,220,60,0.8544525409999721
energy_first,0.5,0.42757936507936506,0.5146490159269438,10000000000.0,1e-08,3600,task_average_period,Average period (s),220,14,60,60,30,50,220,60,0.0112336250000169
edf,0.5,0.3621031746031746,0.47082737131657854,10000000000.0,1e-08,3600,task_average_period,Average period (s),220,14,60,60,30,50,220,60,0.010647292000015796
random,0.5,0.32837301587301587,0.414807763983417,10000000000.0,1e-08,3600,task_average_period,Average period (s),220,14,60,60,30,50,220,60,0.028392125000010537
maxflow_preflow_push,0.5,0.5557963163596966,0.5867255535120917,10000000000.0,1e-08,3600,task_average_period,Average period (s),240,14,60,60,30,50,240,60,0.6331116660000191
energy_first,0.5,0.4658721560130011,0.5378101460644029,10000000000.0,1e-08,3600,task_average_period,Average period (s),240,14,60,60,30,50,240,60,0.02759012499998903
edf,0.5,0.37703141928494044,0.4804258697662547,10000000000.0,1e-08,3600,task_average_period,Average period (s),240,14,60,60,30,50,240,60,0.012318999999990865
random,0.5,0.3380281690140845,0.42861560832607426,10000000000.0,1e-08,3600,task_average_period,Average period (s),240,14,60,60,30,50,240,60,0.009436415999999781
maxflow_preflow_push,0.5,0.5692488262910798,0.5971027311883809,10000000000.0,1e-08,3600,task_average_period,Average period (s),260,14,60,60,30,50,260,60,0.579972583
energy_first,0.5,0.4953051643192488,0.5549647636721575,10000000000.0,1e-08,3600,task_average_period,Average period (s),260,14,60,60,30,50,260,60,0.009411457999988215
edf,0.5,0.38380281690140844,0.48417168315192605,10000000000.0,1e-08,3600,task_average_period,Average period (s),260,14,60,60,30,50,260,60,0.00934887500000059
random,0.5,0.34507042253521125,0.43075949862449153,10000000000.0,1e-08,3600,task_average_period,Average period (s),260,14,60,60,30,50,260,60,0.008997332999996388
maxflow_preflow_push,0.5,0.572692793931732,0.5992461647413744,10000000000.0,1e-08,3600,task_average_period,Average period (s),280,14,60,60,30,50,280,60,0.5325027920000025
energy_first,0.5,0.5233881163084703,0.571286296005566,10000000000.0,1e-08,3600,task_average_period,Average period (s),280,14,60,60,30,50,280,60,0.008937833999993927
edf,0.5,0.3944374209860936,0.49209657489805975,10000000000.0,1e-08,3600,task_average_period,Average period (s),280,14,60,60,30,50,280,60,0.00872983299998964
random,0.5,0.37041719342604296,0.4542092042903683,10000000000.0,1e-08,3600,task_average_period,Average period (s),280,14,60,60,30,50,280,60,0.010299125000017284
maxflow_preflow_push,0.5,0.5753052917232022,0.6009776702243121,10000000000.0,1e-08,3600,task_average_period,Average period (s),300,14,60,60,30,50,300,60,0.5206396659999939
energy_first,0.5,0.5427408412483039,0.5819424624944225,10000000000.0,1e-08,3600,task_average_period,Average period (s),300,14,60,60,30,50,300,60,0.008596541999992269
edf,0.5,0.4056987788331072,0.4983058249377117,10000000000.0,1e-08,3600,task_average_period,Average period (s),300,14,60,60,30,50,300,60,0.00806220800001256
random,0.5,0.37720488466757124,0.45813394860594003,10000000000.0,1e-08,3600,task_average_period,Average period (s),300,14,60,60,30,50,300,60,0.008208208000013428
maxflow_preflow_push,0.5,0.5337301587301587,0.5703626490835486,10000000000.0,1e-08,3600,time_slot_length,Time slot length (s),60,14,60,60,30,50,220,60,0.8006590420000066
energy_first,0.5,0.42757936507936506,0.5146490159269438,10000000000.0,1e-08,3600,time_slot_length,Time slot length (s),60,14,60,60,30,50,220,60,0.024916041000011546
edf,0.5,0.3621031746031746,0.47082737131657854,10000000000.0,1e-08,3600,time_slot_length,Time slot length (s),60,14,60,60,30,50,220,60,0.01751450000000432
random,0.5,0.32837301587301587,0.414807763983417,10000000000.0,1e-08,3600,time_slot_length,Time slot length (s),60,14,60,60,30,50,220,60,0.012138999999990574
